node,nodeType
Cluster_0002,Exp
Cluster_0003,Exp
Cluster_0004,Exp
Cluster_0005,Exp
Cluster_0006,Exp
Cluster_0007,Exp
Cluster_0008,Exp
Cluster_0009,Exp
Cluster_0010,Exp
Cluster_0011,Exp
Cluster_0012,Exp
Cluster_0013,Exp
Cluster_0014,Exp
Cluster_0015,Exp
Cluster_0016,Exp
Cluster_0017,Exp
Cluster_0018,Exp
Cluster_0019,Exp
Cluster_0020,Exp
Cluster_0021,Exp
Cluster_0023,Exp
Cluster_0027,Exp
Cluster_0028,Exp
Cluster_0029,Exp
Cluster_0030,Exp
Cluster_0031,Exp
Cluster_0032,Exp
Cluster_0033,Exp
Cluster_0035,Exp
Cluster_0036,Exp
Cluster_0042,Exp
Cluster_0043,Exp
Cluster_0050,Exp
Cluster_0051,Exp
Cluster_0053,Exp
Cluster_0056,Exp
Cluster_0063,Exp
Cluster_0064,Exp
Cluster_0065,Exp
Cluster_0066,Exp
Cluster_0067,Exp
Cluster_0068,Exp
Cluster_0069,Exp
Cluster_0070,Exp
Cluster_0071,Exp
Cluster_0072,Exp
Cluster_0073,Exp
Cluster_0074,Exp
Cluster_0075,Exp
Cluster_0076,Exp
Cluster_0077,Exp
Cluster_0078,Exp
Cluster_0079,Exp
Cluster_0080,Exp
Cluster_0081,Exp
Cluster_0082,Exp
Cluster_0083,Exp
Cluster_0084,Exp
Cluster_0085,Exp
Cluster_0086,Exp
Cluster_0087,Exp
Cluster_0088,Exp
Cluster_0089,Exp
Cluster_0090,Exp
Cluster_0091,Exp
Cluster_0092,Exp
Cluster_0093,Exp
Cluster_0094,Exp
Cluster_0095,Exp
Cluster_0096,Exp
Cluster_0097,Exp
Cluster_0098,Exp
Cluster_0099,Exp
Cluster_0100,Exp
Cluster_0101,Exp
Cluster_0102,Exp
Cluster_0103,Exp
Cluster_0104,Exp
Cluster_0105,Exp
Cluster_0106,Exp
Cluster_0107,Exp
Cluster_0108,Exp
Cluster_0109,Exp
Cluster_0110,Exp
Cluster_0112,Exp
Cluster_0113,Exp
Cluster_0114,Exp
Cluster_0115,Exp
Cluster_0116,Exp
Cluster_0117,Exp
Cluster_0118,Exp
Cluster_0119,Exp
Cluster_0120,Exp
Cluster_0121,Exp
Cluster_0122,Exp
Cluster_0123,Exp
Cluster_0124,Exp
Cluster_0125,Exp
Cluster_0126,Exp
Cluster_0127,Exp
Cluster_0128,Exp
Cluster_0129,Exp
Cluster_0130,Exp
Cluster_0131,Exp
Cluster_0132,Exp
Cluster_0133,Exp
Cluster_0134,Exp
Cluster_0135,Exp
Cluster_0136,Exp
Cluster_0137,Exp
Cluster_0139,Exp
Cluster_0140,Exp
Cluster_0141,Exp
Cluster_0142,Exp
Cluster_0143,Exp
Cluster_0144,Exp
Cluster_0145,Exp
Cluster_0146,Exp
Cluster_0147,Exp
Cluster_0148,Exp
Cluster_0149,Exp
Cluster_0150,Exp
Cluster_0151,Exp
Cluster_0155,Exp
Cluster_0157,Exp
Cluster_0158,Exp
Cluster_0159,Exp
Cluster_0162,Exp
Cluster_0163,Exp
Cluster_0164,Exp
Cluster_0166,Exp
Cluster_0167,Exp
Cluster_0168,Exp
Cluster_0171,Exp
Cluster_0172,Exp
Cluster_0173,Exp
Cluster_0176,Exp
Cluster_0177,Exp
Cluster_0178,Exp
Cluster_0179,Exp
Cluster_0180,Exp
Cluster_0181,Exp
Cluster_0183,Exp
Cluster_0184,Exp
Cluster_0185,Exp
Cluster_0187,Exp
Cluster_0188,Exp
Cluster_0189,Exp
Cluster_0191,Exp
Cluster_0192,Exp
Cluster_0193,Exp
Cluster_0194,Exp
Cluster_0195,Exp
Cluster_0196,Exp
Cluster_0200,Exp
Cluster_0202,Exp
Cluster_0204,Exp
Cluster_0205,Exp
Cluster_0208,Exp
Cluster_0209,Exp
Cluster_0210,Exp
Cluster_0211,Exp
Cluster_0213,Exp
Cluster_0215,Exp
Cluster_0217,Exp
Cluster_0218,Exp
Cluster_0219,Exp
Cluster_0220,Exp
Cluster_0221,Exp
Cluster_0222,Exp
Cluster_0223,Exp
Cluster_0224,Exp
Cluster_0225,Exp
Cluster_0226,Exp
Cluster_0227,Exp
Cluster_0228,Exp
Cluster_0229,Exp
Cluster_0231,Exp
Cluster_0232,Exp
Cluster_0233,Exp
Cluster_0236,Exp
Cluster_0237,Exp
Cluster_0240,Exp
Cluster_0241,Exp
Cluster_0242,Exp
Cluster_0243,Exp
Cluster_0244,Exp
Cluster_0245,Exp
Cluster_0246,Exp
Cluster_0247,Exp
Cluster_0250,Exp
Cluster_0251,Exp
Cluster_0252,Exp
Cluster_0253,Exp
Cluster_0254,Exp
Cluster_0256,Exp
Cluster_0257,Exp
Cluster_0258,Exp
Cluster_0259,Exp
Cluster_0260,Exp
Cluster_0261,Exp
Cluster_0262,Exp
Cluster_0263,Exp
Cluster_0264,Exp
Cluster_0265,Exp
Cluster_0266,Exp
Cluster_0268,Exp
Cluster_0269,Exp
Cluster_0271,Exp
Cluster_0273,Exp
Cluster_0275,Exp
Cluster_0276,Exp
Cluster_0278,Exp
Cluster_0279,Exp
Cluster_0280,Exp
Cluster_0281,Exp
Cluster_0284,Exp
Cluster_0285,Exp
Cluster_0287,Exp
Cluster_0288,Exp
Cluster_0292,Exp
Cluster_0293,Exp
Cluster_0294,Exp
Cluster_0295,Exp
Cluster_0298,Exp
Cluster_0299,Exp
Cluster_0301,Exp
Cluster_0303,Exp
Cluster_0305,Exp
Cluster_0308,Exp
Cluster_0309,Exp
Cluster_0310,Exp
Cluster_0312,Exp
Cluster_0314,Exp
Cluster_0315,Exp
Cluster_0316,Exp
Cluster_0317,Exp
Cluster_0318,Exp
Cluster_0319,Exp
Cluster_0321,Exp
Cluster_0322,Exp
Cluster_0324,Exp
Cluster_0325,Exp
Cluster_0326,Exp
Cluster_0327,Exp
Cluster_0328,Exp
Cluster_0330,Exp
Cluster_0331,Exp
Cluster_0334,Exp
Cluster_0335,Exp
Cluster_0338,Exp
Cluster_0339,Exp
Cluster_0340,Exp
Cluster_0342,Exp
Cluster_0343,Exp
Cluster_0346,Exp
Cluster_0347,Exp
Cluster_0350,Exp
Cluster_0351,Exp
Cluster_0353,Exp
Cluster_0356,Exp
Cluster_0357,Exp
Cluster_0360,Exp
Cluster_0362,Exp
Cluster_0363,Exp
Cluster_0364,Exp
Cluster_0365,Exp
Cluster_0367,Exp
Cluster_0368,Exp
Cluster_0369,Exp
Cluster_0370,Exp
Cluster_0371,Exp
Cluster_0372,Exp
Cluster_0373,Exp
Cluster_0374,Exp
Cluster_0375,Exp
Cluster_0376,Exp
Cluster_0378,Exp
Cluster_0379,Exp
Cluster_0380,Exp
Cluster_0383,Exp
Cluster_0384,Exp
Cluster_0385,Exp
Cluster_0386,Exp
Cluster_0387,Exp
Cluster_0388,Exp
Cluster_0390,Exp
Cluster_0391,Exp
Cluster_0392,Exp
Cluster_0393,Exp
Cluster_0396,Exp
Cluster_0398,Exp
Cluster_0402,Exp
Cluster_0403,Exp
Cluster_0406,Exp
Cluster_0408,Exp
Cluster_0410,Exp
Cluster_0411,Exp
Cluster_0412,Exp
Cluster_0413,Exp
Cluster_0414,Exp
Cluster_0415,Exp
Cluster_0416,Exp
Cluster_0418,Exp
Cluster_0423,Exp
Cluster_0424,Exp
Cluster_0425,Exp
Cluster_0426,Exp
Cluster_0427,Exp
Cluster_0429,Exp
Cluster_0430,Exp
Cluster_0431,Exp
Cluster_0432,Exp
Cluster_0433,Exp
Cluster_0434,Exp
Cluster_0435,Exp
Cluster_0437,Exp
Cluster_0438,Exp
Cluster_0439,Exp
Cluster_0440,Exp
Cluster_0441,Exp
Cluster_0447,Exp
Cluster_0448,Exp
Cluster_0452,Exp
Cluster_0453,Exp
Cluster_0454,Exp
Cluster_0455,Exp
Cluster_0457,Exp
Cluster_0458,Exp
Cluster_0459,Exp
Cluster_0460,Exp
Cluster_0461,Exp
Cluster_0463,Exp
Cluster_0464,Exp
Cluster_0466,Exp
Cluster_0470,Exp
Cluster_0475,Exp
Cluster_0476,Exp
Cluster_0477,Exp
Cluster_0480,Exp
Cluster_0481,Exp
Cluster_0484,Exp
Cluster_0485,Exp
Cluster_0486,Exp
Cluster_0487,Exp
Cluster_0488,Exp
Cluster_0489,Exp
Cluster_0490,Exp
Cluster_0493,Exp
Cluster_0494,Exp
Cluster_0495,Exp
Cluster_0496,Exp
Cluster_1834,Exp
Cluster_0499,Exp
Cluster_0500,Exp
Cluster_0501,Exp
Cluster_0502,Exp
Cluster_0504,Exp
Cluster_0505,Exp
Cluster_0506,Exp
Cluster_0508,Exp
Cluster_0509,Exp
Cluster_0510,Exp
Cluster_0511,Exp
Cluster_0513,Exp
Cluster_0514,Exp
Cluster_0516,Exp
Cluster_0517,Exp
Cluster_0520,Exp
Cluster_0521,Exp
Cluster_0522,Exp
Cluster_0523,Exp
Cluster_0524,Exp
Cluster_0525,Exp
Cluster_0530,Exp
Cluster_0532,Exp
Cluster_0533,Exp
Cluster_0535,Exp
Cluster_0536,Exp
Cluster_0537,Exp
Cluster_0539,Exp
Cluster_0540,Exp
Cluster_0541,Exp
Cluster_0544,Exp
Cluster_0546,Exp
Cluster_0547,Exp
Cluster_0548,Exp
Cluster_0549,Exp
Cluster_0550,Exp
Cluster_0551,Exp
Cluster_0552,Exp
Cluster_0553,Exp
Cluster_0554,Exp
Cluster_0555,Exp
Cluster_0556,Exp
Cluster_0557,Exp
Cluster_0559,Exp
Cluster_0560,Exp
Cluster_0561,Exp
Cluster_0562,Exp
Cluster_0563,Exp
Cluster_0566,Exp
Cluster_0567,Exp
Cluster_0568,Exp
Cluster_0570,Exp
Cluster_0571,Exp
Cluster_0572,Exp
Cluster_0578,Exp
Cluster_0579,Exp
Cluster_0580,Exp
Cluster_0581,Exp
Cluster_0583,Exp
Cluster_0584,Exp
Cluster_0585,Exp
Cluster_0586,Exp
Cluster_0587,Exp
Cluster_0590,Exp
Cluster_0591,Exp
Cluster_0592,Exp
Cluster_0594,Exp
Cluster_0596,Exp
Cluster_0598,Exp
Cluster_0599,Exp
Cluster_0600,Exp
Cluster_0603,Exp
Cluster_0604,Exp
Cluster_0605,Exp
Cluster_0606,Exp
Cluster_0607,Exp
Cluster_0608,Exp
Cluster_0611,Exp
Cluster_0612,Exp
Cluster_0614,Exp
Cluster_0615,Exp
Cluster_0616,Exp
Cluster_0619,Exp
Cluster_0621,Exp
Cluster_0622,Exp
Cluster_0623,Exp
Cluster_0625,Exp
Cluster_0627,Exp
Cluster_0628,Exp
Cluster_0629,Exp
Cluster_0632,Exp
Cluster_0633,Exp
Cluster_0635,Exp
Cluster_0637,Exp
Cluster_0640,Exp
Cluster_0641,Exp
Cluster_0642,Exp
Cluster_0643,Exp
Cluster_0644,Exp
Cluster_0645,Exp
Cluster_0646,Exp
Cluster_0649,Exp
Cluster_0651,Exp
Cluster_0653,Exp
Cluster_0655,Exp
Cluster_0656,Exp
Cluster_0657,Exp
Cluster_0658,Exp
Cluster_0660,Exp
Cluster_0662,Exp
Cluster_0665,Exp
Cluster_0669,Exp
Cluster_0670,Exp
Cluster_0671,Exp
Cluster_0672,Exp
Cluster_0673,Exp
Cluster_0675,Exp
Cluster_0676,Exp
Cluster_0678,Exp
Cluster_0681,Exp
Cluster_0682,Exp
Cluster_0683,Exp
Cluster_0684,Exp
Cluster_0687,Exp
Cluster_0688,Exp
Cluster_0689,Exp
Cluster_0690,Exp
Cluster_0691,Exp
Cluster_0692,Exp
Cluster_0693,Exp
Cluster_0694,Exp
Cluster_0695,Exp
Cluster_0696,Exp
Cluster_0697,Exp
Cluster_0699,Exp
Cluster_0700,Exp
Cluster_0701,Exp
Cluster_0702,Exp
Cluster_0703,Exp
Cluster_0704,Exp
Cluster_0706,Exp
Cluster_0707,Exp
Cluster_0708,Exp
Cluster_0710,Exp
Cluster_0712,Exp
Cluster_0713,Exp
Cluster_0715,Exp
Cluster_0716,Exp
Cluster_0717,Exp
Cluster_0718,Exp
Cluster_0721,Exp
Cluster_0722,Exp
Cluster_0723,Exp
Cluster_0725,Exp
Cluster_0726,Exp
Cluster_0727,Exp
Cluster_0728,Exp
Cluster_0729,Exp
Cluster_0730,Exp
Cluster_0731,Exp
Cluster_0732,Exp
Cluster_0737,Exp
Cluster_0740,Exp
Cluster_0741,Exp
Cluster_0743,Exp
Cluster_0745,Exp
Cluster_0746,Exp
Cluster_0747,Exp
Cluster_0749,Exp
Cluster_0750,Exp
Cluster_0751,Exp
Cluster_0752,Exp
Cluster_0753,Exp
Cluster_0754,Exp
Cluster_0757,Exp
Cluster_0759,Exp
Cluster_0760,Exp
Cluster_0761,Exp
Cluster_0762,Exp
Cluster_0763,Exp
Cluster_0764,Exp
Cluster_0765,Exp
Cluster_0767,Exp
Cluster_0768,Exp
Cluster_0770,Exp
Cluster_0772,Exp
Cluster_0773,Exp
Cluster_0777,Exp
Cluster_0780,Exp
Cluster_0781,Exp
Cluster_0782,Exp
Cluster_0783,Exp
Cluster_0784,Exp
Cluster_0785,Exp
Cluster_0786,Exp
Cluster_0787,Exp
Cluster_0788,Exp
Cluster_0790,Exp
Cluster_0791,Exp
Cluster_0792,Exp
Cluster_0793,Exp
Cluster_0797,Exp
Cluster_0799,Exp
Cluster_0800,Exp
Cluster_0801,Exp
Cluster_0805,Exp
Cluster_0806,Exp
Cluster_0808,Exp
Cluster_0811,Exp
Cluster_0813,Exp
Cluster_0815,Exp
Cluster_0816,Exp
Cluster_0818,Exp
Cluster_0819,Exp
Cluster_0820,Exp
Cluster_0823,Exp
Cluster_0826,Exp
Cluster_0827,Exp
Cluster_0830,Exp
Cluster_0831,Exp
Cluster_0832,Exp
Cluster_0833,Exp
Cluster_0834,Exp
Cluster_0835,Exp
Cluster_0836,Exp
Cluster_0837,Exp
Cluster_0840,Exp
Cluster_0841,Exp
Cluster_0842,Exp
Cluster_0844,Exp
Cluster_0845,Exp
Cluster_0847,Exp
Cluster_0853,Exp
Cluster_0854,Exp
Cluster_0855,Exp
Cluster_0856,Exp
Cluster_0857,Exp
Cluster_0858,Exp
Cluster_0859,Exp
Cluster_0861,Exp
Cluster_0862,Exp
Cluster_0863,Exp
Cluster_0864,Exp
Cluster_0866,Exp
Cluster_0867,Exp
Cluster_0868,Exp
Cluster_0869,Exp
Cluster_0872,Exp
Cluster_0874,Exp
Cluster_0876,Exp
Cluster_0878,Exp
Cluster_0879,Exp
Cluster_0881,Exp
Cluster_0882,Exp
Cluster_0886,Exp
Cluster_0889,Exp
Cluster_0890,Exp
Cluster_0893,Exp
Cluster_0894,Exp
Cluster_0895,Exp
Cluster_0899,Exp
Cluster_0901,Exp
Cluster_0902,Exp
Cluster_0903,Exp
Cluster_0905,Exp
Cluster_0907,Exp
Cluster_0909,Exp
Cluster_0912,Exp
Cluster_0913,Exp
Cluster_0916,Exp
Cluster_0917,Exp
Cluster_0919,Exp
Cluster_0920,Exp
Cluster_0921,Exp
Cluster_0922,Exp
Cluster_0923,Exp
Cluster_0924,Exp
Cluster_0930,Exp
Cluster_0932,Exp
Cluster_0933,Exp
Cluster_0935,Exp
Cluster_0936,Exp
Cluster_0937,Exp
Cluster_0938,Exp
Cluster_0939,Exp
Cluster_0940,Exp
Cluster_0943,Exp
Cluster_0944,Exp
Cluster_0945,Exp
Cluster_0946,Exp
Cluster_0947,Exp
Cluster_0948,Exp
Cluster_0950,Exp
Cluster_0951,Exp
Cluster_0952,Exp
Cluster_0954,Exp
Cluster_0955,Exp
Cluster_0957,Exp
Cluster_0958,Exp
Cluster_0959,Exp
Cluster_0960,Exp
Cluster_0963,Exp
Cluster_0964,Exp
Cluster_0965,Exp
Cluster_0966,Exp
Cluster_0967,Exp
Cluster_0968,Exp
Cluster_0969,Exp
Cluster_0970,Exp
Cluster_0975,Exp
Cluster_0978,Exp
Cluster_0979,Exp
Cluster_0980,Exp
Cluster_0981,Exp
Cluster_0983,Exp
Cluster_1939,Exp
Cluster_0989,Exp
Cluster_0992,Exp
Cluster_0993,Exp
Cluster_0994,Exp
Cluster_0996,Exp
Cluster_1002,Exp
Cluster_1003,Exp
Cluster_1008,Exp
Cluster_1009,Exp
Cluster_1010,Exp
Cluster_1011,Exp
Cluster_1014,Exp
Cluster_1015,Exp
Cluster_1019,Exp
Cluster_1022,Exp
Cluster_1024,Exp
Cluster_1026,Exp
Cluster_1029,Exp
Cluster_1036,Exp
Cluster_1040,Exp
Cluster_1041,Exp
Cluster_1824,Exp
Cluster_1044,Exp
Cluster_1045,Exp
Cluster_1046,Exp
Cluster_1051,Exp
Cluster_1052,Exp
Cluster_1055,Exp
Cluster_1057,Exp
Cluster_1059,Exp
Cluster_1060,Exp
Cluster_1061,Exp
Cluster_1062,Exp
Cluster_1068,Exp
Cluster_1069,Exp
Cluster_1070,Exp
Cluster_1071,Exp
Cluster_1072,Exp
Cluster_1073,Exp
Cluster_1074,Exp
Cluster_1075,Exp
Cluster_1076,Exp
Cluster_1080,Exp
Cluster_1081,Exp
Cluster_1082,Exp
Cluster_1085,Exp
Cluster_1086,Exp
Cluster_1087,Exp
Cluster_1089,Exp
Cluster_1093,Exp
Cluster_1097,Exp
Cluster_1105,Exp
Cluster_1106,Exp
Cluster_1107,Exp
Cluster_1109,Exp
Cluster_2060,Exp
Cluster_2061,Exp
Cluster_1119,Exp
Cluster_1120,Exp
Cluster_1923,Exp
Cluster_1126,Exp
Cluster_1133,Exp
Cluster_2162,Exp
Cluster_2163,Exp
Cluster_2041,Exp
Cluster_1139,Exp
Cluster_1140,Exp
Cluster_1144,Exp
Cluster_1145,Exp
Cluster_1146,Exp
Cluster_1148,Exp
Cluster_1150,Exp
Cluster_1151,Exp
Cluster_1152,Exp
Cluster_1156,Exp
Cluster_1160,Exp
Cluster_1166,Exp
Cluster_1168,Exp
Cluster_1173,Exp
Cluster_1174,Exp
Cluster_1175,Exp
Cluster_1176,Exp
Cluster_1177,Exp
Cluster_1178,Exp
Cluster_1181,Exp
Cluster_1182,Exp
Cluster_1183,Exp
Cluster_1184,Exp
Cluster_1185,Exp
Cluster_1186,Exp
Cluster_1187,Exp
Cluster_1189,Exp
Cluster_1194,Exp
Cluster_1195,Exp
Cluster_1196,Exp
Cluster_1197,Exp
Cluster_1198,Exp
Cluster_2298,Exp
Cluster_2299,Exp
Cluster_1201,Exp
Cluster_1203,Exp
Cluster_1206,Exp
Cluster_2128,Exp
Cluster_1210,Exp
Cluster_1213,Exp
Cluster_1214,Exp
Cluster_1215,Exp
Cluster_1216,Exp
Cluster_1218,Exp
Cluster_1219,Exp
Cluster_1220,Exp
Cluster_1221,Exp
Cluster_1226,Exp
Cluster_1227,Exp
Cluster_1228,Exp
Cluster_1229,Exp
Cluster_1230,Exp
Cluster_1231,Exp
Cluster_2433,Exp
Cluster_2434,Exp
Cluster_2565,Exp
Cluster_5953,Exp
Cluster_1237,Exp
Cluster_1238,Exp
Cluster_1239,Exp
Cluster_1240,Exp
Cluster_1241,Exp
Cluster_1242,Exp
Cluster_1243,Exp
Cluster_1244,Exp
Cluster_1245,Exp
Cluster_1246,Exp
Cluster_5951,Exp
Cluster_1250,Exp
Cluster_1251,Exp
Cluster_1252,Exp
Cluster_1253,Exp
Cluster_1254,Exp
Cluster_1255,Exp
Cluster_1256,Exp
Cluster_1258,Exp
Cluster_1259,Exp
Cluster_1260,Exp
Cluster_5950,Exp
Cluster_1267,Exp
Cluster_1269,Exp
Cluster_1270,Exp
Cluster_5984,Exp
Cluster_5981,Exp
Cluster_1276,Exp
Cluster_1277,Exp
Cluster_1279,Exp
Cluster_1280,Exp
Cluster_1281,Exp
Cluster_5980,Exp
Cluster_1284,Exp
Cluster_1285,Exp
Cluster_1286,Exp
Cluster_1288,Exp
Cluster_1289,Exp
Cluster_1290,Exp
Cluster_1291,Exp
Cluster_1292,Exp
Cluster_1296,Exp
Cluster_1298,Exp
Cluster_1300,Exp
Cluster_1301,Exp
Cluster_1302,Exp
Cluster_1303,Exp
Cluster_1304,Exp
Cluster_1306,Exp
Cluster_1308,Exp
Cluster_5976,Exp
Cluster_1310,Exp
Cluster_1311,Exp
Cluster_1313,Exp
Cluster_1315,Exp
Cluster_1317,Exp
Cluster_1318,Exp
Cluster_1319,Exp
Cluster_1320,Exp
Cluster_1321,Exp
Cluster_1322,Exp
Cluster_1323,Exp
Cluster_1324,Exp
Cluster_1325,Exp
Cluster_1326,Exp
Cluster_1657,Exp
Cluster_1710,Exp
Cluster_1330,Exp
Cluster_1331,Exp
Cluster_1332,Exp
Cluster_1333,Exp
Cluster_1334,Exp
Cluster_1337,Exp
Cluster_1779,Exp
Cluster_1765,Exp
Cluster_1345,Exp
Cluster_1346,Exp
Cluster_1348,Exp
Cluster_1350,Exp
Cluster_1752,Exp
Cluster_1910,Exp
Cluster_1895,Exp
Cluster_1354,Exp
Cluster_1357,Exp
Cluster_1358,Exp
Cluster_1705,Exp
Cluster_1364,Exp
Cluster_1365,Exp
Cluster_1366,Exp
Cluster_1368,Exp
Cluster_1369,Exp
Cluster_1371,Exp
Cluster_1372,Exp
Cluster_1373,Exp
Cluster_1374,Exp
Cluster_1375,Exp
Cluster_1384,Exp
Cluster_1386,Exp
Cluster_1388,Exp
Cluster_1389,Exp
Cluster_1390,Exp
Cluster_1391,Exp
Cluster_1392,Exp
Cluster_1396,Exp
Cluster_1397,Exp
Cluster_1398,Exp
Cluster_1399,Exp
Cluster_1402,Exp
Cluster_1405,Exp
Cluster_1406,Exp
Cluster_1407,Exp
Cluster_1408,Exp
Cluster_1409,Exp
Cluster_1410,Exp
Cluster_1411,Exp
Cluster_1412,Exp
Cluster_1413,Exp
Cluster_1418,Exp
Cluster_1420,Exp
Cluster_1422,Exp
Cluster_1423,Exp
Cluster_1424,Exp
Cluster_1425,Exp
Cluster_1428,Exp
Cluster_1429,Exp
Cluster_1431,Exp
Cluster_1433,Exp
Cluster_1435,Exp
Cluster_1436,Exp
Cluster_1437,Exp
Cluster_1438,Exp
Cluster_1439,Exp
Cluster_1440,Exp
Cluster_1441,Exp
Cluster_1444,Exp
Cluster_2019,Exp
Cluster_1831,Exp
Cluster_1452,Exp
Cluster_1455,Exp
Cluster_1456,Exp
Cluster_1459,Exp
Cluster_1460,Exp
Cluster_1461,Exp
Cluster_1466,Exp
Cluster_1469,Exp
Cluster_1471,Exp
Cluster_1472,Exp
Cluster_1473,Exp
Cluster_1474,Exp
Cluster_1821,Exp
Cluster_1480,Exp
Cluster_1482,Exp
Cluster_1484,Exp
Cluster_1485,Exp
Cluster_1486,Exp
Cluster_1487,Exp
Cluster_1488,Exp
Cluster_1489,Exp
Cluster_1492,Exp
Cluster_1495,Exp
Cluster_1496,Exp
Cluster_1863,Exp
Cluster_1957,Exp
Cluster_1833,Exp
Cluster_1500,Exp
Cluster_1501,Exp
Cluster_1502,Exp
Cluster_1504,Exp
Cluster_1505,Exp
Cluster_1507,Exp
Cluster_1508,Exp
Cluster_1509,Exp
Cluster_1510,Exp
Cluster_1511,Exp
Cluster_1513,Exp
Cluster_1514,Exp
Cluster_1515,Exp
Cluster_1937,Exp
Cluster_1920,Exp
Cluster_1518,Exp
Cluster_1519,Exp
Cluster_1520,Exp
Cluster_1521,Exp
Cluster_1522,Exp
Cluster_1523,Exp
Cluster_1524,Exp
Cluster_1525,Exp
Cluster_1526,Exp
Cluster_1529,Exp
Cluster_1530,Exp
Cluster_1907,Exp
Cluster_1535,Exp
Cluster_1536,Exp
Cluster_1537,Exp
Cluster_1539,Exp
Cluster_1540,Exp
Cluster_1545,Exp
Cluster_1546,Exp
Cluster_1547,Exp
Cluster_1548,Exp
Cluster_1550,Exp
Cluster_1551,Exp
Cluster_1552,Exp
Cluster_1553,Exp
Cluster_1554,Exp
Cluster_1555,Exp
Cluster_1557,Exp
Cluster_1558,Exp
Cluster_1559,Exp
Cluster_1564,Exp
Cluster_1565,Exp
Cluster_1566,Exp
Cluster_1567,Exp
Cluster_1568,Exp
Cluster_1569,Exp
Cluster_1570,Exp
Cluster_1571,Exp
Cluster_1572,Exp
Cluster_1575,Exp
Cluster_1577,Exp
Cluster_1584,Exp
Cluster_1585,Exp
Cluster_1587,Exp
Cluster_1588,Exp
Cluster_1589,Exp
Cluster_1590,Exp
Cluster_1591,Exp
Cluster_1592,Exp
Cluster_1595,Exp
Cluster_1596,Exp
Cluster_1597,Exp
Cluster_1599,Exp
Cluster_1601,Exp
Cluster_1602,Exp
Cluster_1603,Exp
Cluster_1604,Exp
Cluster_1605,Exp
Cluster_1606,Exp
Cluster_1607,Exp
Cluster_1609,Exp
Cluster_1610,Exp
Cluster_1611,Exp
Cluster_1612,Exp
Cluster_1614,Exp
Cluster_1615,Exp
Cluster_1616,Exp
Cluster_1617,Exp
Cluster_1619,Exp
Cluster_1620,Exp
Cluster_1621,Exp
Cluster_1622,Exp
Cluster_2112,Exp
Cluster_2078,Exp
Cluster_1627,Exp
Cluster_1629,Exp
Cluster_1630,Exp
Cluster_1631,Exp
Cluster_1632,Exp
Cluster_1633,Exp
Cluster_1634,Exp
Cluster_1635,Exp
Cluster_1636,Exp
Cluster_2182,Exp
Cluster_1640,Exp
Cluster_1641,Exp
Cluster_1642,Exp
Cluster_1643,Exp
Cluster_1644,Exp
Cluster_1645,Exp
Cluster_1646,Exp
Cluster_1647,Exp
Cluster_1648,Exp
Cluster_1649,Exp
Cluster_1650,Exp
Cluster_1651,Exp
Cluster_1652,Exp
Cluster_1653,Exp
Cluster_1654,Exp
Cluster_1655,Exp
Cluster_1656,Exp
Cluster_2268,Exp
Cluster_1658,Exp
Cluster_1660,Exp
Cluster_1661,Exp
Cluster_1662,Exp
Cluster_1663,Exp
Cluster_1664,Exp
Cluster_1665,Exp
Cluster_1666,Exp
Cluster_1668,Exp
Cluster_1669,Exp
Cluster_1670,Exp
Cluster_1671,Exp
Cluster_1672,Exp
Cluster_1673,Exp
Cluster_1674,Exp
Cluster_1676,Exp
Cluster_1677,Exp
Cluster_1678,Exp
Cluster_1679,Exp
Cluster_1680,Exp
Cluster_1681,Exp
Cluster_1682,Exp
Cluster_1683,Exp
Cluster_1684,Exp
Cluster_1685,Exp
Cluster_1686,Exp
Cluster_1687,Exp
Cluster_1689,Exp
Cluster_1691,Exp
Cluster_1692,Exp
Cluster_1695,Exp
Cluster_1696,Exp
Cluster_1697,Exp
Cluster_1699,Exp
Cluster_1702,Exp
Cluster_1703,Exp
Cluster_2057,Exp
Cluster_2018,Exp
Cluster_1706,Exp
Cluster_1707,Exp
Cluster_2005,Exp
Cluster_1714,Exp
Cluster_1715,Exp
Cluster_1716,Exp
Cluster_1718,Exp
Cluster_1719,Exp
Cluster_1721,Exp
Cluster_1722,Exp
Cluster_1723,Exp
Cluster_1725,Exp
Cluster_1726,Exp
Cluster_1727,Exp
Cluster_1728,Exp
Cluster_1729,Exp
Cluster_1731,Exp
Cluster_1732,Exp
Cluster_1733,Exp
Cluster_1734,Exp
Cluster_1735,Exp
Cluster_1738,Exp
Cluster_1741,Exp
Cluster_1742,Exp
Cluster_1744,Exp
Cluster_1745,Exp
Cluster_1748,Exp
Cluster_1749,Exp
Cluster_1751,Exp
Cluster_2161,Exp
Cluster_1754,Exp
Cluster_1756,Exp
Cluster_1757,Exp
Cluster_1759,Exp
Cluster_1760,Exp
Cluster_1762,Exp
Cluster_1764,Exp
Cluster_2293,Exp
Cluster_2253,Exp
Cluster_1767,Exp
Cluster_1768,Exp
Cluster_1769,Exp
Cluster_1772,Exp
Cluster_1773,Exp
Cluster_1778,Exp
Cluster_2230,Exp
Cluster_1780,Exp
Cluster_1781,Exp
Cluster_1782,Exp
Cluster_1783,Exp
Cluster_1785,Exp
Cluster_1786,Exp
Cluster_1788,Exp
Cluster_1789,Exp
Cluster_1791,Exp
Cluster_1793,Exp
Cluster_1794,Exp
Cluster_1795,Exp
Cluster_1796,Exp
Cluster_1797,Exp
Cluster_1798,Exp
Cluster_1799,Exp
Cluster_1800,Exp
Cluster_1803,Exp
Cluster_1804,Exp
Cluster_1805,Exp
Cluster_1806,Exp
Cluster_2141,Exp
Cluster_1810,Exp
Cluster_1811,Exp
Cluster_1812,Exp
Cluster_1813,Exp
Cluster_1814,Exp
Cluster_1990,Exp
Cluster_1816,Exp
Cluster_1819,Exp
Cluster_1820,Exp
Cluster_2377,Exp
Cluster_1822,Exp
Cluster_1823,Exp
Cluster_2380,Exp
Cluster_1825,Exp
Cluster_1826,Exp
Cluster_1827,Exp
Cluster_1828,Exp
Cluster_1829,Exp
Cluster_2297,Exp
Cluster_1832,Exp
Cluster_2357,Exp
Cluster_2471,Exp
Cluster_1835,Exp
Cluster_1836,Exp
Cluster_1838,Exp
Cluster_1839,Exp
Cluster_1843,Exp
Cluster_1845,Exp
Cluster_1846,Exp
Cluster_2449,Exp
Cluster_1851,Exp
Cluster_1852,Exp
Cluster_1853,Exp
Cluster_1855,Exp
Cluster_1856,Exp
Cluster_1857,Exp
Cluster_1858,Exp
Cluster_1859,Exp
Cluster_1860,Exp
Cluster_1861,Exp
Cluster_1862,Exp
Cluster_2429,Exp
Cluster_1704,Exp
Cluster_1865,Exp
Cluster_1866,Exp
Cluster_1867,Exp
Cluster_1868,Exp
Cluster_1766,Exp
Cluster_1870,Exp
Cluster_1871,Exp
Cluster_1872,Exp
Cluster_1873,Exp
Cluster_1876,Exp
Cluster_1877,Exp
Cluster_1878,Exp
Cluster_1880,Exp
Cluster_1881,Exp
Cluster_1883,Exp
Cluster_1884,Exp
Cluster_1887,Exp
Cluster_1893,Exp
Cluster_1864,Exp
Cluster_1896,Exp
Cluster_1900,Exp
Cluster_1901,Exp
Cluster_1902,Exp
Cluster_1903,Exp
Cluster_1904,Exp
Cluster_1905,Exp
Cluster_1848,Exp
Cluster_1815,Exp
Cluster_1909,Exp
Cluster_1808,Exp
Cluster_1911,Exp
Cluster_1912,Exp
Cluster_1913,Exp
Cluster_1914,Exp
Cluster_1915,Exp
Cluster_1917,Exp
Cluster_1918,Exp
Cluster_1958,Exp
Cluster_1936,Exp
Cluster_1922,Exp
Cluster_1921,Exp
Cluster_1925,Exp
Cluster_1927,Exp
Cluster_1928,Exp
Cluster_1929,Exp
Cluster_1934,Exp
Cluster_1908,Exp
Cluster_1869,Exp
Cluster_1938,Exp
Cluster_2094,Exp
Cluster_2058,Exp
Cluster_1941,Exp
Cluster_1942,Exp
Cluster_1943,Exp
Cluster_1944,Exp
Cluster_1945,Exp
Cluster_1946,Exp
Cluster_1947,Exp
Cluster_1948,Exp
Cluster_1949,Exp
Cluster_1950,Exp
Cluster_1951,Exp
Cluster_1952,Exp
Cluster_1954,Exp
Cluster_1956,Exp
Cluster_2059,Exp
Cluster_2098,Exp
Cluster_2037,Exp
Cluster_1960,Exp
Cluster_1964,Exp
Cluster_1965,Exp
Cluster_1966,Exp
Cluster_1967,Exp
Cluster_1969,Exp
Cluster_1970,Exp
Cluster_1973,Exp
Cluster_1975,Exp
Cluster_1976,Exp
Cluster_1978,Exp
Cluster_1979,Exp
Cluster_1982,Exp
Cluster_1985,Exp
Cluster_1986,Exp
Cluster_1987,Exp
Cluster_1988,Exp
Cluster_2017,Exp
Cluster_1991,Exp
Cluster_1992,Exp
Cluster_1993,Exp
Cluster_1995,Exp
Cluster_1997,Exp
Cluster_1999,Exp
Cluster_2000,Exp
Cluster_2001,Exp
Cluster_2003,Exp
Cluster_2004,Exp
Cluster_2007,Exp
Cluster_2142,Exp
Cluster_2008,Exp
Cluster_2011,Exp
Cluster_2012,Exp
Cluster_2013,Exp
Cluster_2014,Exp
Cluster_2015,Exp
Cluster_2122,Exp
Cluster_2123,Exp
Cluster_2109,Exp
Cluster_2020,Exp
Cluster_2021,Exp
Cluster_2022,Exp
Cluster_2023,Exp
Cluster_2024,Exp
Cluster_2026,Exp
Cluster_2028,Exp
Cluster_2029,Exp
Cluster_2110,Exp
Cluster_2032,Exp
Cluster_2103,Exp
Cluster_2038,Exp
Cluster_2039,Exp
Cluster_2040,Exp
Cluster_2104,Exp
Cluster_2042,Exp
Cluster_2044,Exp
Cluster_2045,Exp
Cluster_2047,Exp
Cluster_2049,Exp
Cluster_2050,Exp
Cluster_2051,Exp
Cluster_2053,Exp
Cluster_2054,Exp
Cluster_2055,Exp
Cluster_2056,Exp
Cluster_2296,Exp
Cluster_2251,Exp
Cluster_2254,Exp
Cluster_2231,Exp
Cluster_2212,Exp
Cluster_2062,Exp
Cluster_2063,Exp
Cluster_2064,Exp
Cluster_2065,Exp
Cluster_2066,Exp
Cluster_2068,Exp
Cluster_2069,Exp
Cluster_2070,Exp
Cluster_2072,Exp
Cluster_2073,Exp
Cluster_2074,Exp
Cluster_2075,Exp
Cluster_2213,Exp
Cluster_2079,Exp
Cluster_2080,Exp
Cluster_2082,Exp
Cluster_2084,Exp
Cluster_2085,Exp
Cluster_2086,Exp
Cluster_2087,Exp
Cluster_2088,Exp
Cluster_2091,Exp
Cluster_2092,Exp
Cluster_2093,Exp
Cluster_2196,Exp
Cluster_2095,Exp
Cluster_2096,Exp
Cluster_2097,Exp
Cluster_2197,Exp
Cluster_2099,Exp
Cluster_2101,Exp
Cluster_2102,Exp
Cluster_2198,Exp
Cluster_2179,Exp
Cluster_2105,Exp
Cluster_2106,Exp
Cluster_2107,Exp
Cluster_2180,Exp
Cluster_2158,Exp
Cluster_2111,Exp
Cluster_2432,Exp
Cluster_2113,Exp
Cluster_2114,Exp
Cluster_2115,Exp
Cluster_2116,Exp
Cluster_2117,Exp
Cluster_2118,Exp
Cluster_2119,Exp
Cluster_2120,Exp
Cluster_2415,Exp
Cluster_2412,Exp
Cluster_2124,Exp
Cluster_2125,Exp
Cluster_2126,Exp
Cluster_2127,Exp
Cluster_2564,Exp
Cluster_2129,Exp
Cluster_2130,Exp
Cluster_2133,Exp
Cluster_2134,Exp
Cluster_2136,Exp
Cluster_2137,Exp
Cluster_2138,Exp
Cluster_2140,Exp
Cluster_2509,Exp
Cluster_2515,Exp
Cluster_2143,Exp
Cluster_2144,Exp
Cluster_2146,Exp
Cluster_2147,Exp
Cluster_2148,Exp
Cluster_2149,Exp
Cluster_2150,Exp
Cluster_2151,Exp
Cluster_2152,Exp
Cluster_2153,Exp
Cluster_2154,Exp
Cluster_2155,Exp
Cluster_2157,Exp
Cluster_2494,Exp
Cluster_2159,Exp
Cluster_2160,Exp
Cluster_2495,Exp
Cluster_2472,Exp
Cluster_2450,Exp
Cluster_2164,Exp
Cluster_2165,Exp
Cluster_2166,Exp
Cluster_2167,Exp
Cluster_2168,Exp
Cluster_2171,Exp
Cluster_2172,Exp
Cluster_2173,Exp
Cluster_2174,Exp
Cluster_2176,Exp
Cluster_2177,Exp
Cluster_2178,Exp
Cluster_2430,Exp
Cluster_2754,Exp
Cluster_1959,Exp
Cluster_2183,Exp
Cluster_2185,Exp
Cluster_2187,Exp
Cluster_2188,Exp
Cluster_2189,Exp
Cluster_2190,Exp
Cluster_2191,Exp
Cluster_2192,Exp
Cluster_2193,Exp
Cluster_2194,Exp
Cluster_1940,Exp
Cluster_0497,Exp
Cluster_3755,Exp
Cluster_2199,Exp
Cluster_2200,Exp
Cluster_2202,Exp
Cluster_2203,Exp
Cluster_2205,Exp
Cluster_2206,Exp
Cluster_2207,Exp
Cluster_2208,Exp
Cluster_2210,Exp
Cluster_1136,Exp
Cluster_1137,Exp
Cluster_2214,Exp
Cluster_2215,Exp
Cluster_2216,Exp
Cluster_2217,Exp
Cluster_2218,Exp
Cluster_2221,Exp
Cluster_2222,Exp
Cluster_2223,Exp
Cluster_2224,Exp
Cluster_2227,Exp
Cluster_2229,Exp
Cluster_1328,Exp
Cluster_1199,Exp
Cluster_2232,Exp
Cluster_2233,Exp
Cluster_2234,Exp
Cluster_2235,Exp
Cluster_2236,Exp
Cluster_2237,Exp
Cluster_2242,Exp
Cluster_2243,Exp
Cluster_2244,Exp
Cluster_2245,Exp
Cluster_2246,Exp
Cluster_2247,Exp
Cluster_2248,Exp
Cluster_2250,Exp
Cluster_1282,Exp
Cluster_2252,Exp
Cluster_1271,Exp
Cluster_1272,Exp
Cluster_2255,Exp
Cluster_2256,Exp
Cluster_2258,Exp
Cluster_2259,Exp
Cluster_2260,Exp
Cluster_2263,Exp
Cluster_2264,Exp
Cluster_2265,Exp
Cluster_2266,Exp
Cluster_2267,Exp
Cluster_1261,Exp
Cluster_2273,Exp
Cluster_2274,Exp
Cluster_2275,Exp
Cluster_2277,Exp
Cluster_2278,Exp
Cluster_2279,Exp
Cluster_2281,Exp
Cluster_2283,Exp
Cluster_2286,Exp
Cluster_2290,Exp
Cluster_2291,Exp
Cluster_2292,Exp
Cluster_1362,Exp
Cluster_2295,Exp
Cluster_1351,Exp
Cluster_1352,Exp
Cluster_1353,Exp
Cluster_1497,Exp
Cluster_2300,Exp
Cluster_2301,Exp
Cluster_2303,Exp
Cluster_2305,Exp
Cluster_2307,Exp
Cluster_2308,Exp
Cluster_2309,Exp
Cluster_2310,Exp
Cluster_2311,Exp
Cluster_2315,Exp
Cluster_2317,Exp
Cluster_2318,Exp
Cluster_2319,Exp
Cluster_2320,Exp
Cluster_2321,Exp
Cluster_2323,Exp
Cluster_2325,Exp
Cluster_2327,Exp
Cluster_2328,Exp
Cluster_2329,Exp
Cluster_2330,Exp
Cluster_2333,Exp
Cluster_2335,Exp
Cluster_2338,Exp
Cluster_2340,Exp
Cluster_2342,Exp
Cluster_2344,Exp
Cluster_2345,Exp
Cluster_2346,Exp
Cluster_2347,Exp
Cluster_2349,Exp
Cluster_2350,Exp
Cluster_2351,Exp
Cluster_2352,Exp
Cluster_2353,Exp
Cluster_2354,Exp
Cluster_2356,Exp
Cluster_1341,Exp
Cluster_2358,Exp
Cluster_2365,Exp
Cluster_2366,Exp
Cluster_2367,Exp
Cluster_2368,Exp
Cluster_2370,Exp
Cluster_2371,Exp
Cluster_2375,Exp
Cluster_2376,Exp
Cluster_1342,Exp
Cluster_2378,Exp
Cluster_2379,Exp
Cluster_1329,Exp
Cluster_2383,Exp
Cluster_2384,Exp
Cluster_2385,Exp
Cluster_2387,Exp
Cluster_2389,Exp
Cluster_1309,Exp
Cluster_2392,Exp
Cluster_2395,Exp
Cluster_2396,Exp
Cluster_2397,Exp
Cluster_2398,Exp
Cluster_2399,Exp
Cluster_2403,Exp
Cluster_2404,Exp
Cluster_2406,Exp
Cluster_2407,Exp
Cluster_2408,Exp
Cluster_1446,Exp
Cluster_2410,Exp
Cluster_1447,Exp
Cluster_1534,Exp
Cluster_2414,Exp
Cluster_1516,Exp
Cluster_2417,Exp
Cluster_2419,Exp
Cluster_2420,Exp
Cluster_2421,Exp
Cluster_2422,Exp
Cluster_2424,Exp
Cluster_2425,Exp
Cluster_2426,Exp
Cluster_2428,Exp
Cluster_1517,Exp
Cluster_1639,Exp
Cluster_2431,Exp
Cluster_1498,Exp
Cluster_1499,Exp
Cluster_1624,Exp
Cluster_2435,Exp
Cluster_2438,Exp
Cluster_2440,Exp
Cluster_2441,Exp
Cluster_2442,Exp
Cluster_2444,Exp
Cluster_2445,Exp
Cluster_2447,Exp
Cluster_2448,Exp
Cluster_1625,Exp
Cluster_1479,Exp
Cluster_2451,Exp
Cluster_2452,Exp
Cluster_2453,Exp
Cluster_2454,Exp
Cluster_2456,Exp
Cluster_2458,Exp
Cluster_2459,Exp
Cluster_2460,Exp
Cluster_2461,Exp
Cluster_2462,Exp
Cluster_2464,Exp
Cluster_2465,Exp
Cluster_2466,Exp
Cluster_2467,Exp
Cluster_2468,Exp
Cluster_2469,Exp
Cluster_2470,Exp
Cluster_1208,Exp
Cluster_1042,Exp
Cluster_2473,Exp
Cluster_2474,Exp
Cluster_2476,Exp
Cluster_2480,Exp
Cluster_2481,Exp
Cluster_2482,Exp
Cluster_2483,Exp
Cluster_2484,Exp
Cluster_2485,Exp
Cluster_2486,Exp
Cluster_2487,Exp
Cluster_2488,Exp
Cluster_1138,Exp
Cluster_1123,Exp
Cluster_1235,Exp
Cluster_2499,Exp
Cluster_2500,Exp
Cluster_2501,Exp
Cluster_2503,Exp
Cluster_2504,Exp
Cluster_2505,Exp
Cluster_1113,Exp
Cluster_2508,Exp
Cluster_1110,Exp
Cluster_2511,Exp
Cluster_2512,Exp
Cluster_2513,Exp
Cluster_2514,Exp
Cluster_1200,Exp
Cluster_2517,Exp
Cluster_2518,Exp
Cluster_1249,Exp
Cluster_2520,Exp
Cluster_2521,Exp
Cluster_2522,Exp
Cluster_1234,Exp
Cluster_2528,Exp
Cluster_2529,Exp
Cluster_2531,Exp
Cluster_2534,Exp
Cluster_2535,Exp
Cluster_2536,Exp
Cluster_1236,Exp
Cluster_2544,Exp
Cluster_2545,Exp
Cluster_1232,Exp
Cluster_2547,Exp
Cluster_2548,Exp
Cluster_2550,Exp
Cluster_2552,Exp
Cluster_2553,Exp
Cluster_2554,Exp
Cluster_2555,Exp
Cluster_2556,Exp
Cluster_2558,Exp
Cluster_2559,Exp
Cluster_2560,Exp
Cluster_2561,Exp
Cluster_2562,Exp
Cluster_2030,Exp
Cluster_3429,Exp
Cluster_2566,Exp
Cluster_2567,Exp
Cluster_2568,Exp
Cluster_2569,Exp
Cluster_2570,Exp
Cluster_2574,Exp
Cluster_2576,Exp
Cluster_2578,Exp
Cluster_2579,Exp
Cluster_2581,Exp
Cluster_2583,Exp
Cluster_2585,Exp
Cluster_2586,Exp
Cluster_2588,Exp
Cluster_2589,Exp
Cluster_2591,Exp
Cluster_2592,Exp
Cluster_2593,Exp
Cluster_2596,Exp
Cluster_2597,Exp
Cluster_2602,Exp
Cluster_2604,Exp
Cluster_2606,Exp
Cluster_2607,Exp
Cluster_2608,Exp
Cluster_2609,Exp
Cluster_2610,Exp
Cluster_2612,Exp
Cluster_3562,Exp
Cluster_2616,Exp
Cluster_2617,Exp
Cluster_2620,Exp
Cluster_2621,Exp
Cluster_2622,Exp
Cluster_2623,Exp
Cluster_2627,Exp
Cluster_2628,Exp
Cluster_2629,Exp
Cluster_2630,Exp
Cluster_2633,Exp
Cluster_3563,Exp
Cluster_2635,Exp
Cluster_2636,Exp
Cluster_2637,Exp
Cluster_2638,Exp
Cluster_2639,Exp
Cluster_2643,Exp
Cluster_2650,Exp
Cluster_3717,Exp
Cluster_3718,Exp
Cluster_2653,Exp
Cluster_3744,Exp
Cluster_3745,Exp
Cluster_2657,Exp
Cluster_2660,Exp
Cluster_2661,Exp
Cluster_2663,Exp
Cluster_2664,Exp
Cluster_3863,Exp
Cluster_3864,Exp
Cluster_2670,Exp
Cluster_2671,Exp
Cluster_2673,Exp
Cluster_2676,Exp
Cluster_2677,Exp
Cluster_2678,Exp
Cluster_3886,Exp
Cluster_2680,Exp
Cluster_2681,Exp
Cluster_2685,Exp
Cluster_2686,Exp
Cluster_2688,Exp
Cluster_2689,Exp
Cluster_2690,Exp
Cluster_2692,Exp
Cluster_3909,Exp
Cluster_2694,Exp
Cluster_2697,Exp
Cluster_2700,Exp
Cluster_2701,Exp
Cluster_2702,Exp
Cluster_3910,Exp
Cluster_3978,Exp
Cluster_2706,Exp
Cluster_2708,Exp
Cluster_2709,Exp
Cluster_2710,Exp
Cluster_2711,Exp
Cluster_2712,Exp
Cluster_2713,Exp
Cluster_2715,Exp
Cluster_2716,Exp
Cluster_2717,Exp
Cluster_2718,Exp
Cluster_2719,Exp
Cluster_2720,Exp
Cluster_2721,Exp
Cluster_4005,Exp
Cluster_4038,Exp
Cluster_4137,Exp
Cluster_2727,Exp
Cluster_2730,Exp
Cluster_2731,Exp
Cluster_2732,Exp
Cluster_2733,Exp
Cluster_2734,Exp
Cluster_2737,Exp
Cluster_4254,Exp
Cluster_4256,Exp
Cluster_2411,Exp
Cluster_2546,Exp
Cluster_2669,Exp
Cluster_2655,Exp
Cluster_2750,Exp
Cluster_2825,Exp
Cluster_2752,Exp
Cluster_2753,Exp
Cluster_2776,Exp
Cluster_2755,Exp
Cluster_2757,Exp
Cluster_2758,Exp
Cluster_2762,Exp
Cluster_2764,Exp
Cluster_2743,Exp
Cluster_2744,Exp
Cluster_2543,Exp
Cluster_2893,Exp
Cluster_2767,Exp
Cluster_2769,Exp
Cluster_2770,Exp
Cluster_2774,Exp
Cluster_2775,Exp
Cluster_2894,Exp
Cluster_2881,Exp
Cluster_2778,Exp
Cluster_2779,Exp
Cluster_2780,Exp
Cluster_2781,Exp
Cluster_2782,Exp
Cluster_2784,Exp
Cluster_2788,Exp
Cluster_2789,Exp
Cluster_2790,Exp
Cluster_2791,Exp
Cluster_2792,Exp
Cluster_2793,Exp
Cluster_2794,Exp
Cluster_2796,Exp
Cluster_2798,Exp
Cluster_2799,Exp
Cluster_2803,Exp
Cluster_2804,Exp
Cluster_2805,Exp
Cluster_2806,Exp
Cluster_2807,Exp
Cluster_2862,Exp
Cluster_2863,Exp
Cluster_2812,Exp
Cluster_2813,Exp
Cluster_2814,Exp
Cluster_3029,Exp
Cluster_2821,Exp
Cluster_2839,Exp
Cluster_2823,Exp
Cluster_2840,Exp
Cluster_2826,Exp
Cluster_2827,Exp
Cluster_2828,Exp
Cluster_2829,Exp
Cluster_2831,Exp
Cluster_2832,Exp
Cluster_2835,Exp
Cluster_2836,Exp
Cluster_2837,Exp
Cluster_2838,Exp
Cluster_2841,Exp
Cluster_3000,Exp
Cluster_3001,Exp
Cluster_3224,Exp
Cluster_2986,Exp
Cluster_2987,Exp
Cluster_2970,Exp
Cluster_2971,Exp
Cluster_2972,Exp
Cluster_2954,Exp
Cluster_2955,Exp
Cluster_2850,Exp
Cluster_2852,Exp
Cluster_2853,Exp
Cluster_2854,Exp
Cluster_2857,Exp
Cluster_2956,Exp
Cluster_2936,Exp
Cluster_2937,Exp
Cluster_2921,Exp
Cluster_3141,Exp
Cluster_3142,Exp
Cluster_3143,Exp
Cluster_2867,Exp
Cluster_2868,Exp
Cluster_2873,Exp
Cluster_3116,Exp
Cluster_3358,Exp
Cluster_3093,Exp
Cluster_3094,Exp
Cluster_3333,Exp
Cluster_2883,Exp
Cluster_2885,Exp
Cluster_2886,Exp
Cluster_2891,Exp
Cluster_3336,Exp
Cluster_3074,Exp
Cluster_3075,Exp
Cluster_2896,Exp
Cluster_2898,Exp
Cluster_2899,Exp
Cluster_2905,Exp
Cluster_2907,Exp
Cluster_2908,Exp
Cluster_2910,Exp
Cluster_2912,Exp
Cluster_2913,Exp
Cluster_2914,Exp
Cluster_2915,Exp
Cluster_2916,Exp
Cluster_3076,Exp
Cluster_3055,Exp
Cluster_3056,Exp
Cluster_2920,Exp
Cluster_3057,Exp
Cluster_2922,Exp
Cluster_2923,Exp
Cluster_2924,Exp
Cluster_2925,Exp
Cluster_2926,Exp
Cluster_2927,Exp
Cluster_2930,Exp
Cluster_2931,Exp
Cluster_2932,Exp
Cluster_2933,Exp
Cluster_3027,Exp
Cluster_3028,Exp
Cluster_3264,Exp
Cluster_3012,Exp
Cluster_3013,Exp
Cluster_3269,Exp
Cluster_2940,Exp
Cluster_2941,Exp
Cluster_2942,Exp
Cluster_2943,Exp
Cluster_2944,Exp
Cluster_2945,Exp
Cluster_3243,Exp
Cluster_2948,Exp
Cluster_2949,Exp
Cluster_2951,Exp
Cluster_2952,Exp
Cluster_2953,Exp
Cluster_3244,Exp
Cluster_3511,Exp
Cluster_3513,Exp
Cluster_3222,Exp
Cluster_3223,Exp
Cluster_2959,Exp
Cluster_3486,Exp
Cluster_3201,Exp
Cluster_2962,Exp
Cluster_2963,Exp
Cluster_2964,Exp
Cluster_2965,Exp
Cluster_2966,Exp
Cluster_2967,Exp
Cluster_2968,Exp
Cluster_2969,Exp
Cluster_3202,Exp
Cluster_3203,Exp
Cluster_3204,Exp
Cluster_3178,Exp
Cluster_3179,Exp
Cluster_3433,Exp
Cluster_2977,Exp
Cluster_3152,Exp
Cluster_2979,Exp
Cluster_2980,Exp
Cluster_2981,Exp
Cluster_2982,Exp
Cluster_2983,Exp
Cluster_2984,Exp
Cluster_2985,Exp
Cluster_3153,Exp
Cluster_3154,Exp
Cluster_3155,Exp
Cluster_3161,Exp
Cluster_2990,Exp
Cluster_3404,Exp
Cluster_3437,Exp
Cluster_2998,Exp
Cluster_2999,Exp
Cluster_3412,Exp
Cluster_3413,Exp
Cluster_3002,Exp
Cluster_3004,Exp
Cluster_3005,Exp
Cluster_3006,Exp
Cluster_3009,Exp
Cluster_3010,Exp
Cluster_3414,Exp
Cluster_3415,Exp
Cluster_3014,Exp
Cluster_3416,Exp
Cluster_3417,Exp
Cluster_3017,Exp
Cluster_3018,Exp
Cluster_3019,Exp
Cluster_3020,Exp
Cluster_3383,Exp
Cluster_3022,Exp
Cluster_3384,Exp
Cluster_3356,Exp
Cluster_3357,Exp
Cluster_3026,Exp
Cluster_3360,Exp
Cluster_3361,Exp
Cluster_3362,Exp
Cluster_3030,Exp
Cluster_3032,Exp
Cluster_3330,Exp
Cluster_3331,Exp
Cluster_3036,Exp
Cluster_3037,Exp
Cluster_3038,Exp
Cluster_3332,Exp
Cluster_3040,Exp
Cluster_3041,Exp
Cluster_3042,Exp
Cluster_3043,Exp
Cluster_3335,Exp
Cluster_3046,Exp
Cluster_3047,Exp
Cluster_3050,Exp
Cluster_3302,Exp
Cluster_3053,Exp
Cluster_3304,Exp
Cluster_3305,Exp
Cluster_3309,Exp
Cluster_3313,Exp
Cluster_3586,Exp
Cluster_3059,Exp
Cluster_3587,Exp
Cluster_3589,Exp
Cluster_3062,Exp
Cluster_3063,Exp
Cluster_3282,Exp
Cluster_3283,Exp
Cluster_3261,Exp
Cluster_3068,Exp
Cluster_3069,Exp
Cluster_3070,Exp
Cluster_3072,Exp
Cluster_3262,Exp
Cluster_3263,Exp
Cluster_3615,Exp
Cluster_3592,Exp
Cluster_3077,Exp
Cluster_3593,Exp
Cluster_3080,Exp
Cluster_3594,Exp
Cluster_3082,Exp
Cluster_3083,Exp
Cluster_3084,Exp
Cluster_3085,Exp
Cluster_3088,Exp
Cluster_3089,Exp
Cluster_3090,Exp
Cluster_3595,Exp
Cluster_3598,Exp
Cluster_3843,Exp
Cluster_3845,Exp
Cluster_3569,Exp
Cluster_3541,Exp
Cluster_3098,Exp
Cluster_3099,Exp
Cluster_3100,Exp
Cluster_3101,Exp
Cluster_3542,Exp
Cluster_3107,Exp
Cluster_3108,Exp
Cluster_3109,Exp
Cluster_3111,Exp
Cluster_3543,Exp
Cluster_3544,Exp
Cluster_3509,Exp
Cluster_3117,Exp
Cluster_3510,Exp
Cluster_3119,Exp
Cluster_3121,Exp
Cluster_3122,Exp
Cluster_3127,Exp
Cluster_3128,Exp
Cluster_3129,Exp
Cluster_3131,Exp
Cluster_3132,Exp
Cluster_3134,Exp
Cluster_3512,Exp
Cluster_3515,Exp
Cluster_3137,Exp
Cluster_3138,Exp
Cluster_3139,Exp
Cluster_3140,Exp
Cluster_3771,Exp
Cluster_3772,Exp
Cluster_3481,Exp
Cluster_3144,Exp
Cluster_3145,Exp
Cluster_3146,Exp
Cluster_3149,Exp
Cluster_3150,Exp
Cluster_3482,Exp
Cluster_3483,Exp
Cluster_3484,Exp
Cluster_3487,Exp
Cluster_3488,Exp
Cluster_3741,Exp
Cluster_3159,Exp
Cluster_3160,Exp
Cluster_3742,Exp
Cluster_3162,Exp
Cluster_3163,Exp
Cluster_3459,Exp
Cluster_3166,Exp
Cluster_3167,Exp
Cluster_3168,Exp
Cluster_3460,Exp
Cluster_3170,Exp
Cluster_3171,Exp
Cluster_3172,Exp
Cluster_3173,Exp
Cluster_3174,Exp
Cluster_3461,Exp
Cluster_3462,Exp
Cluster_3180,Exp
Cluster_3181,Exp
Cluster_3182,Exp
Cluster_3183,Exp
Cluster_3184,Exp
Cluster_3465,Exp
Cluster_3466,Exp
Cluster_3430,Exp
Cluster_3995,Exp
Cluster_3189,Exp
Cluster_3190,Exp
Cluster_3191,Exp
Cluster_3192,Exp
Cluster_3193,Exp
Cluster_3194,Exp
Cluster_3195,Exp
Cluster_3196,Exp
Cluster_3197,Exp
Cluster_3200,Exp
Cluster_3778,Exp
Cluster_3750,Exp
Cluster_3751,Exp
Cluster_3752,Exp
Cluster_3205,Exp
Cluster_3753,Exp
Cluster_3754,Exp
Cluster_3208,Exp
Cluster_3209,Exp
Cluster_3210,Exp
Cluster_3211,Exp
Cluster_3212,Exp
Cluster_3213,Exp
Cluster_3214,Exp
Cluster_3215,Exp
Cluster_3216,Exp
Cluster_3760,Exp
Cluster_3218,Exp
Cluster_3219,Exp
Cluster_3220,Exp
Cluster_3221,Exp
Cluster_3723,Exp
Cluster_3724,Exp
Cluster_3982,Exp
Cluster_3695,Exp
Cluster_3226,Exp
Cluster_3227,Exp
Cluster_3228,Exp
Cluster_3229,Exp
Cluster_3696,Exp
Cluster_3231,Exp
Cluster_3233,Exp
Cluster_3234,Exp
Cluster_3235,Exp
Cluster_3236,Exp
Cluster_3237,Exp
Cluster_3238,Exp
Cluster_3239,Exp
Cluster_3240,Exp
Cluster_3241,Exp
Cluster_3242,Exp
Cluster_3698,Exp
Cluster_3958,Exp
Cluster_3245,Exp
Cluster_3246,Exp
Cluster_3959,Exp
Cluster_3960,Exp
Cluster_3249,Exp
Cluster_3255,Exp
Cluster_3961,Exp
Cluster_3257,Exp
Cluster_3258,Exp
Cluster_3259,Exp
Cluster_3632,Exp
Cluster_3670,Exp
Cluster_3671,Exp
Cluster_3672,Exp
Cluster_3265,Exp
Cluster_3267,Exp
Cluster_3268,Exp
Cluster_3673,Exp
Cluster_3270,Exp
Cluster_3271,Exp
Cluster_3674,Exp
Cluster_3279,Exp
Cluster_3280,Exp
Cluster_3281,Exp
Cluster_3936,Exp
Cluster_3938,Exp
Cluster_3284,Exp
Cluster_3285,Exp
Cluster_3286,Exp
Cluster_3287,Exp
Cluster_3288,Exp
Cluster_3289,Exp
Cluster_3290,Exp
Cluster_3291,Exp
Cluster_3292,Exp
Cluster_3293,Exp
Cluster_3294,Exp
Cluster_3295,Exp
Cluster_3297,Exp
Cluster_3299,Exp
Cluster_3300,Exp
Cluster_3301,Exp
Cluster_3939,Exp
Cluster_3303,Exp
Cluster_3648,Exp
Cluster_3650,Exp
Cluster_3306,Exp
Cluster_3307,Exp
Cluster_3308,Exp
Cluster_3651,Exp
Cluster_3310,Exp
Cluster_3311,Exp
Cluster_3312,Exp
Cluster_3912,Exp
Cluster_3913,Exp
Cluster_3315,Exp
Cluster_3316,Exp
Cluster_3317,Exp
Cluster_3318,Exp
Cluster_3319,Exp
Cluster_3320,Exp
Cluster_3321,Exp
Cluster_3322,Exp
Cluster_3323,Exp
Cluster_3324,Exp
Cluster_3327,Exp
Cluster_3328,Exp
Cluster_3329,Exp
Cluster_3914,Exp
Cluster_3915,Exp
Cluster_3630,Exp
Cluster_3631,Exp
Cluster_3334,Exp
Cluster_3889,Exp
Cluster_3890,Exp
Cluster_3337,Exp
Cluster_3338,Exp
Cluster_3607,Exp
Cluster_3340,Exp
Cluster_3341,Exp
Cluster_3608,Exp
Cluster_3343,Exp
Cluster_3344,Exp
Cluster_3345,Exp
Cluster_3346,Exp
Cluster_3348,Exp
Cluster_3349,Exp
Cluster_3350,Exp
Cluster_3351,Exp
Cluster_3353,Exp
Cluster_3354,Exp
Cluster_3355,Exp
Cluster_3610,Exp
Cluster_3611,Exp
Cluster_3588,Exp
Cluster_3359,Exp
Cluster_3838,Exp
Cluster_3839,Exp
Cluster_4159,Exp
Cluster_3363,Exp
Cluster_3364,Exp
Cluster_3365,Exp
Cluster_3366,Exp
Cluster_3367,Exp
Cluster_3918,Exp
Cluster_3919,Exp
Cluster_3923,Exp
Cluster_3371,Exp
Cluster_3375,Exp
Cluster_3378,Exp
Cluster_3380,Exp
Cluster_3381,Exp
Cluster_3382,Exp
Cluster_3893,Exp
Cluster_3894,Exp
Cluster_3385,Exp
Cluster_3895,Exp
Cluster_3387,Exp
Cluster_3388,Exp
Cluster_3389,Exp
Cluster_3390,Exp
Cluster_3391,Exp
Cluster_3392,Exp
Cluster_3393,Exp
Cluster_3394,Exp
Cluster_3395,Exp
Cluster_3396,Exp
Cluster_3398,Exp
Cluster_3399,Exp
Cluster_3401,Exp
Cluster_3402,Exp
Cluster_3403,Exp
Cluster_3896,Exp
Cluster_3867,Exp
Cluster_3868,Exp
Cluster_3407,Exp
Cluster_3409,Exp
Cluster_3411,Exp
Cluster_3869,Exp
Cluster_3840,Exp
Cluster_3841,Exp
Cluster_3844,Exp
Cluster_4099,Exp
Cluster_4100,Exp
Cluster_3418,Exp
Cluster_3419,Exp
Cluster_3813,Exp
Cluster_3422,Exp
Cluster_3424,Exp
Cluster_3425,Exp
Cluster_3426,Exp
Cluster_3427,Exp
Cluster_3814,Exp
Cluster_3817,Exp
Cluster_3432,Exp
Cluster_4079,Exp
Cluster_3434,Exp
Cluster_3435,Exp
Cluster_3436,Exp
Cluster_4080,Exp
Cluster_3439,Exp
Cluster_3440,Exp
Cluster_3792,Exp
Cluster_3445,Exp
Cluster_3446,Exp
Cluster_3447,Exp
Cluster_3448,Exp
Cluster_3449,Exp
Cluster_3793,Exp
Cluster_3795,Exp
Cluster_3452,Exp
Cluster_3453,Exp
Cluster_3454,Exp
Cluster_3456,Exp
Cluster_3457,Exp
Cluster_3767,Exp
Cluster_3768,Exp
Cluster_3769,Exp
Cluster_3770,Exp
Cluster_3463,Exp
Cluster_3464,Exp
Cluster_4328,Exp
Cluster_3860,Exp
Cluster_3467,Exp
Cluster_4083,Exp
Cluster_3469,Exp
Cluster_3470,Exp
Cluster_3472,Exp
Cluster_3474,Exp
Cluster_3475,Exp
Cluster_3477,Exp
Cluster_3478,Exp
Cluster_3480,Exp
Cluster_4061,Exp
Cluster_4040,Exp
Cluster_4041,Exp
Cluster_4008,Exp
Cluster_4009,Exp
Cluster_4012,Exp
Cluster_3979,Exp
Cluster_3980,Exp
Cluster_3490,Exp
Cluster_3491,Exp
Cluster_3494,Exp
Cluster_3495,Exp
Cluster_3496,Exp
Cluster_3497,Exp
Cluster_3498,Exp
Cluster_3502,Exp
Cluster_3506,Exp
Cluster_3981,Exp
Cluster_4238,Exp
Cluster_4240,Exp
Cluster_3956,Exp
Cluster_3957,Exp
Cluster_3514,Exp
Cluster_4212,Exp
Cluster_3516,Exp
Cluster_3517,Exp
Cluster_3518,Exp
Cluster_3519,Exp
Cluster_3520,Exp
Cluster_3521,Exp
Cluster_3522,Exp
Cluster_3525,Exp
Cluster_3526,Exp
Cluster_4213,Exp
Cluster_3528,Exp
Cluster_3934,Exp
Cluster_3531,Exp
Cluster_3532,Exp
Cluster_3533,Exp
Cluster_3538,Exp
Cluster_3540,Exp
Cluster_3937,Exp
Cluster_4190,Exp
Cluster_4191,Exp
Cluster_3911,Exp
Cluster_3545,Exp
Cluster_3546,Exp
Cluster_3547,Exp
Cluster_3548,Exp
Cluster_3549,Exp
Cluster_3550,Exp
Cluster_3551,Exp
Cluster_3552,Exp
Cluster_4168,Exp
Cluster_3554,Exp
Cluster_3555,Exp
Cluster_3556,Exp
Cluster_3558,Exp
Cluster_3560,Exp
Cluster_3561,Exp
Cluster_4169,Exp
Cluster_4174,Exp
Cluster_3564,Exp
Cluster_3565,Exp
Cluster_3568,Exp
Cluster_4144,Exp
Cluster_3570,Exp
Cluster_3571,Exp
Cluster_3572,Exp
Cluster_3573,Exp
Cluster_3574,Exp
Cluster_3577,Exp
Cluster_3578,Exp
Cluster_3579,Exp
Cluster_3581,Exp
Cluster_3582,Exp
Cluster_3583,Exp
Cluster_4368,Exp
Cluster_4334,Exp
Cluster_4335,Exp
Cluster_4235,Exp
Cluster_3590,Exp
Cluster_3591,Exp
Cluster_3248,Exp
Cluster_3450,Exp
Cluster_3451,Exp
Cluster_3652,Exp
Cluster_3596,Exp
Cluster_3597,Exp
Cluster_3786,Exp
Cluster_3599,Exp
Cluster_3601,Exp
Cluster_3602,Exp
Cluster_3603,Exp
Cluster_3604,Exp
Cluster_3605,Exp
Cluster_3489,Exp
Cluster_2679,Exp
Cluster_3609,Exp
Cluster_3118,Exp
Cluster_3273,Exp
Cluster_3613,Exp
Cluster_3614,Exp
Cluster_3386,Exp
Cluster_3616,Exp
Cluster_3617,Exp
Cluster_3618,Exp
Cluster_3619,Exp
Cluster_3620,Exp
Cluster_3621,Exp
Cluster_3622,Exp
Cluster_3623,Exp
Cluster_3624,Exp
Cluster_3626,Exp
Cluster_3627,Exp
Cluster_3628,Exp
Cluster_3629,Exp
Cluster_3468,Exp
Cluster_3676,Exp
Cluster_3922,Exp
Cluster_3633,Exp
Cluster_3635,Exp
Cluster_3636,Exp
Cluster_3637,Exp
Cluster_3638,Exp
Cluster_3639,Exp
Cluster_3640,Exp
Cluster_3642,Exp
Cluster_3644,Exp
Cluster_3647,Exp
Cluster_4255,Exp
Cluster_3649,Exp
Cluster_3091,Exp
Cluster_3405,Exp
Cluster_0984,Exp
Cluster_3653,Exp
Cluster_3654,Exp
Cluster_3655,Exp
Cluster_3656,Exp
Cluster_3657,Exp
Cluster_3658,Exp
Cluster_3659,Exp
Cluster_3660,Exp
Cluster_3661,Exp
Cluster_3662,Exp
Cluster_3663,Exp
Cluster_3664,Exp
Cluster_3665,Exp
Cluster_3666,Exp
Cluster_3667,Exp
Cluster_3668,Exp
Cluster_3669,Exp
Cluster_2409,Exp
Cluster_2391,Exp
Cluster_2525,Exp
Cluster_2507,Exp
Cluster_2493,Exp
Cluster_3675,Exp
Cluster_2667,Exp
Cluster_3677,Exp
Cluster_3679,Exp
Cluster_3680,Exp
Cluster_3681,Exp
Cluster_3682,Exp
Cluster_3683,Exp
Cluster_3684,Exp
Cluster_3685,Exp
Cluster_3686,Exp
Cluster_3688,Exp
Cluster_3689,Exp
Cluster_3690,Exp
Cluster_3694,Exp
Cluster_2651,Exp
Cluster_2652,Exp
Cluster_3697,Exp
Cluster_2634,Exp
Cluster_3699,Exp
Cluster_3701,Exp
Cluster_2613,Exp
Cluster_3703,Exp
Cluster_3709,Exp
Cluster_3710,Exp
Cluster_3712,Exp
Cluster_3713,Exp
Cluster_3714,Exp
Cluster_3715,Exp
Cluster_3716,Exp
Cluster_2777,Exp
Cluster_2760,Exp
Cluster_3719,Exp
Cluster_3720,Exp
Cluster_3722,Exp
Cluster_2761,Exp
Cluster_2746,Exp
Cluster_3725,Exp
Cluster_3726,Exp
Cluster_3728,Exp
Cluster_3729,Exp
Cluster_3731,Exp
Cluster_3732,Exp
Cluster_3733,Exp
Cluster_3734,Exp
Cluster_3736,Exp
Cluster_3737,Exp
Cluster_3738,Exp
Cluster_3739,Exp
Cluster_3740,Exp
Cluster_2747,Exp
Cluster_2748,Exp
Cluster_2723,Exp
Cluster_2724,Exp
Cluster_3746,Exp
Cluster_3747,Exp
Cluster_3748,Exp
Cluster_2725,Exp
Cluster_2704,Exp
Cluster_2705,Exp
Cluster_2693,Exp
Cluster_2895,Exp
Cluster_2877,Exp
Cluster_3756,Exp
Cluster_3757,Exp
Cluster_3758,Exp
Cluster_3759,Exp
Cluster_2878,Exp
Cluster_3761,Exp
Cluster_3763,Exp
Cluster_3764,Exp
Cluster_3765,Exp
Cluster_2879,Exp
Cluster_2860,Exp
Cluster_2861,Exp
Cluster_3247,Exp
Cluster_2842,Exp
Cluster_2843,Exp
Cluster_3774,Exp
Cluster_3775,Exp
Cluster_3776,Exp
Cluster_3777,Exp
Cluster_2844,Exp
Cluster_3779,Exp
Cluster_3780,Exp
Cluster_2845,Exp
Cluster_3782,Exp
Cluster_3783,Exp
Cluster_3785,Exp
Cluster_2820,Exp
Cluster_3787,Exp
Cluster_2822,Exp
Cluster_2810,Exp
Cluster_3794,Exp
Cluster_2811,Exp
Cluster_3796,Exp
Cluster_3797,Exp
Cluster_3798,Exp
Cluster_3799,Exp
Cluster_3800,Exp
Cluster_3802,Exp
Cluster_3803,Exp
Cluster_3805,Exp
Cluster_3806,Exp
Cluster_3807,Exp
Cluster_3809,Exp
Cluster_3811,Exp
Cluster_3023,Exp
Cluster_3225,Exp
Cluster_3815,Exp
Cluster_3816,Exp
Cluster_2988,Exp
Cluster_3818,Exp
Cluster_3820,Exp
Cluster_3822,Exp
Cluster_3823,Exp
Cluster_3824,Exp
Cluster_3825,Exp
Cluster_3827,Exp
Cluster_3829,Exp
Cluster_3830,Exp
Cluster_3832,Exp
Cluster_3833,Exp
Cluster_3834,Exp
Cluster_3835,Exp
Cluster_2989,Exp
Cluster_2974,Exp
Cluster_2975,Exp
Cluster_2976,Exp
Cluster_3842,Exp
Cluster_3188,Exp
Cluster_2957,Exp
Cluster_2958,Exp
Cluster_3847,Exp
Cluster_3848,Exp
Cluster_3849,Exp
Cluster_3850,Exp
Cluster_3853,Exp
Cluster_3856,Exp
Cluster_3857,Exp
Cluster_3859,Exp
Cluster_2960,Exp
Cluster_2934,Exp
Cluster_2935,Exp
Cluster_3865,Exp
Cluster_3866,Exp
Cluster_2938,Exp
Cluster_2939,Exp
Cluster_2917,Exp
Cluster_3870,Exp
Cluster_3871,Exp
Cluster_3872,Exp
Cluster_3873,Exp
Cluster_2918,Exp
Cluster_3875,Exp
Cluster_3876,Exp
Cluster_3877,Exp
Cluster_3878,Exp
Cluster_3879,Exp
Cluster_3880,Exp
Cluster_3881,Exp
Cluster_3882,Exp
Cluster_3883,Exp
Cluster_3884,Exp
Cluster_3885,Exp
Cluster_2919,Exp
Cluster_3887,Exp
Cluster_3888,Exp
Cluster_3095,Exp
Cluster_3096,Exp
Cluster_3891,Exp
Cluster_3892,Exp
Cluster_3052,Exp
Cluster_3054,Exp
Cluster_3058,Exp
Cluster_3073,Exp
Cluster_3024,Exp
Cluster_3898,Exp
Cluster_3899,Exp
Cluster_3902,Exp
Cluster_3903,Exp
Cluster_3904,Exp
Cluster_3905,Exp
Cluster_3906,Exp
Cluster_3907,Exp
Cluster_3908,Exp
Cluster_3025,Exp
Cluster_3034,Exp
Cluster_3035,Exp
Cluster_3015,Exp
Cluster_3016,Exp
Cluster_3206,Exp
Cluster_3207,Exp
Cluster_3916,Exp
Cluster_3917,Exp
Cluster_3185,Exp
Cluster_3186,Exp
Cluster_3920,Exp
Cluster_3921,Exp
Cluster_3187,Exp
Cluster_3156,Exp
Cluster_3924,Exp
Cluster_3925,Exp
Cluster_3926,Exp
Cluster_3927,Exp
Cluster_3928,Exp
Cluster_3929,Exp
Cluster_3931,Exp
Cluster_3932,Exp
Cluster_3933,Exp
Cluster_3158,Exp
Cluster_3935,Exp
Cluster_3135,Exp
Cluster_3136,Exp
Cluster_3113,Exp
Cluster_3114,Exp
Cluster_3940,Exp
Cluster_3941,Exp
Cluster_3942,Exp
Cluster_3944,Exp
Cluster_3945,Exp
Cluster_3946,Exp
Cluster_3947,Exp
Cluster_3948,Exp
Cluster_3950,Exp
Cluster_3951,Exp
Cluster_3952,Exp
Cluster_3953,Exp
Cluster_3955,Exp
Cluster_3441,Exp
Cluster_3339,Exp
Cluster_3314,Exp
Cluster_3406,Exp
Cluster_3897,Exp
Cluster_4241,Exp
Cluster_3963,Exp
Cluster_3965,Exp
Cluster_3966,Exp
Cluster_3967,Exp
Cluster_3968,Exp
Cluster_3969,Exp
Cluster_3970,Exp
Cluster_3971,Exp
Cluster_3972,Exp
Cluster_3974,Exp
Cluster_3975,Exp
Cluster_3976,Exp
Cluster_2656,Exp
Cluster_2961,Exp
Cluster_2765,Exp
Cluster_2766,Exp
Cluster_2749,Exp
Cluster_3984,Exp
Cluster_3985,Exp
Cluster_3986,Exp
Cluster_3987,Exp
Cluster_3988,Exp
Cluster_3989,Exp
Cluster_3990,Exp
Cluster_3991,Exp
Cluster_3992,Exp
Cluster_3993,Exp
Cluster_3994,Exp
Cluster_2751,Exp
Cluster_3996,Exp
Cluster_3997,Exp
Cluster_3998,Exp
Cluster_3999,Exp
Cluster_2882,Exp
Cluster_4007,Exp
Cluster_3061,Exp
Cluster_2864,Exp
Cluster_4010,Exp
Cluster_2865,Exp
Cluster_4013,Exp
Cluster_4018,Exp
Cluster_4019,Exp
Cluster_4020,Exp
Cluster_4025,Exp
Cluster_4026,Exp
Cluster_4027,Exp
Cluster_4028,Exp
Cluster_4029,Exp
Cluster_4030,Exp
Cluster_4031,Exp
Cluster_4033,Exp
Cluster_4034,Exp
Cluster_4035,Exp
Cluster_4036,Exp
Cluster_2866,Exp
Cluster_4039,Exp
Cluster_3039,Exp
Cluster_2846,Exp
Cluster_4042,Exp
Cluster_4043,Exp
Cluster_4044,Exp
Cluster_4046,Exp
Cluster_4047,Exp
Cluster_4048,Exp
Cluster_4049,Exp
Cluster_4050,Exp
Cluster_4051,Exp
Cluster_4053,Exp
Cluster_4054,Exp
Cluster_4055,Exp
Cluster_4056,Exp
Cluster_4057,Exp
Cluster_4058,Exp
Cluster_4059,Exp
Cluster_4060,Exp
Cluster_2847,Exp
Cluster_4063,Exp
Cluster_4064,Exp
Cluster_4067,Exp
Cluster_4068,Exp
Cluster_4069,Exp
Cluster_4070,Exp
Cluster_4071,Exp
Cluster_4072,Exp
Cluster_4073,Exp
Cluster_4074,Exp
Cluster_4077,Exp
Cluster_4078,Exp
Cluster_2848,Exp
Cluster_2991,Exp
Cluster_4082,Exp
Cluster_2992,Exp
Cluster_4085,Exp
Cluster_4086,Exp
Cluster_4087,Exp
Cluster_4088,Exp
Cluster_4089,Exp
Cluster_4091,Exp
Cluster_4092,Exp
Cluster_4093,Exp
Cluster_4094,Exp
Cluster_4095,Exp
Cluster_4096,Exp
Cluster_4097,Exp
Cluster_4098,Exp
Cluster_2978,Exp
Cluster_3164,Exp
Cluster_4101,Exp
Cluster_4102,Exp
Cluster_4103,Exp
Cluster_4104,Exp
Cluster_4105,Exp
Cluster_4106,Exp
Cluster_4107,Exp
Cluster_4108,Exp
Cluster_4109,Exp
Cluster_4110,Exp
Cluster_4111,Exp
Cluster_4112,Exp
Cluster_4114,Exp
Cluster_4115,Exp
Cluster_4118,Exp
Cluster_4120,Exp
Cluster_4121,Exp
Cluster_4122,Exp
Cluster_4123,Exp
Cluster_4124,Exp
Cluster_4125,Exp
Cluster_4126,Exp
Cluster_4128,Exp
Cluster_4129,Exp
Cluster_4130,Exp
Cluster_4131,Exp
Cluster_4132,Exp
Cluster_3169,Exp
Cluster_3097,Exp
Cluster_4139,Exp
Cluster_4140,Exp
Cluster_4141,Exp
Cluster_4142,Exp
Cluster_4143,Exp
Cluster_3060,Exp
Cluster_4146,Exp
Cluster_4147,Exp
Cluster_4148,Exp
Cluster_4150,Exp
Cluster_4151,Exp
Cluster_4152,Exp
Cluster_4153,Exp
Cluster_4154,Exp
Cluster_4156,Exp
Cluster_4157,Exp
Cluster_4158,Exp
Cluster_3079,Exp
Cluster_4162,Exp
Cluster_4163,Exp
Cluster_4164,Exp
Cluster_4166,Exp
Cluster_4167,Exp
Cluster_3230,Exp
Cluster_3342,Exp
Cluster_4170,Exp
Cluster_4171,Exp
Cluster_4172,Exp
Cluster_4173,Exp
Cluster_2849,Exp
Cluster_4175,Exp
Cluster_4176,Exp
Cluster_4177,Exp
Cluster_4178,Exp
Cluster_4181,Exp
Cluster_4182,Exp
Cluster_4183,Exp
Cluster_4185,Exp
Cluster_4187,Exp
Cluster_4188,Exp
Cluster_4189,Exp
Cluster_3081,Exp
Cluster_3420,Exp
Cluster_4192,Exp
Cluster_4194,Exp
Cluster_4195,Exp
Cluster_4197,Exp
Cluster_4199,Exp
Cluster_4200,Exp
Cluster_4203,Exp
Cluster_4204,Exp
Cluster_4205,Exp
Cluster_4206,Exp
Cluster_4209,Exp
Cluster_4210,Exp
Cluster_4211,Exp
Cluster_4462,Exp
Cluster_4411,Exp
Cluster_4214,Exp
Cluster_4215,Exp
Cluster_4223,Exp
Cluster_4224,Exp
Cluster_4225,Exp
Cluster_4226,Exp
Cluster_4227,Exp
Cluster_4228,Exp
Cluster_4230,Exp
Cluster_4232,Exp
Cluster_4233,Exp
Cluster_4234,Exp
Cluster_4472,Exp
Cluster_4236,Exp
Cluster_4237,Exp
Cluster_4542,Exp
Cluster_4543,Exp
Cluster_4702,Exp
Cluster_4242,Exp
Cluster_4243,Exp
Cluster_4244,Exp
Cluster_4245,Exp
Cluster_4246,Exp
Cluster_4247,Exp
Cluster_4248,Exp
Cluster_4249,Exp
Cluster_4250,Exp
Cluster_4251,Exp
Cluster_4252,Exp
Cluster_4253,Exp
Cluster_4522,Exp
Cluster_4673,Exp
Cluster_4674,Exp
Cluster_4257,Exp
Cluster_4258,Exp
Cluster_4260,Exp
Cluster_4261,Exp
Cluster_4262,Exp
Cluster_4264,Exp
Cluster_4267,Exp
Cluster_4268,Exp
Cluster_4269,Exp
Cluster_4270,Exp
Cluster_4271,Exp
Cluster_4274,Exp
Cluster_4275,Exp
Cluster_4276,Exp
Cluster_4278,Exp
Cluster_4280,Exp
Cluster_4281,Exp
Cluster_4282,Exp
Cluster_4283,Exp
Cluster_4286,Exp
Cluster_4287,Exp
Cluster_4290,Exp
Cluster_4291,Exp
Cluster_4292,Exp
Cluster_4293,Exp
Cluster_4294,Exp
Cluster_4295,Exp
Cluster_4297,Exp
Cluster_4299,Exp
Cluster_4300,Exp
Cluster_4302,Exp
Cluster_4303,Exp
Cluster_4304,Exp
Cluster_4307,Exp
Cluster_4308,Exp
Cluster_4309,Exp
Cluster_4313,Exp
Cluster_4314,Exp
Cluster_4317,Exp
Cluster_4318,Exp
Cluster_4319,Exp
Cluster_4320,Exp
Cluster_4321,Exp
Cluster_4322,Exp
Cluster_4324,Exp
Cluster_4325,Exp
Cluster_4326,Exp
Cluster_4327,Exp
Cluster_4735,Exp
Cluster_4331,Exp
Cluster_4332,Exp
Cluster_4333,Exp
Cluster_4508,Exp
Cluster_4659,Exp
Cluster_4336,Exp
Cluster_4337,Exp
Cluster_4338,Exp
Cluster_4339,Exp
Cluster_4341,Exp
Cluster_4342,Exp
Cluster_4343,Exp
Cluster_4345,Exp
Cluster_4347,Exp
Cluster_4348,Exp
Cluster_4350,Exp
Cluster_4351,Exp
Cluster_4353,Exp
Cluster_4718,Exp
Cluster_4355,Exp
Cluster_4356,Exp
Cluster_4360,Exp
Cluster_4361,Exp
Cluster_4362,Exp
Cluster_4364,Exp
Cluster_4365,Exp
Cluster_4643,Exp
Cluster_4369,Exp
Cluster_4370,Exp
Cluster_4373,Exp
Cluster_4374,Exp
Cluster_4375,Exp
Cluster_4377,Exp
Cluster_4378,Exp
Cluster_4379,Exp
Cluster_4380,Exp
Cluster_4381,Exp
Cluster_4382,Exp
Cluster_4383,Exp
Cluster_4384,Exp
Cluster_4813,Exp
Cluster_4386,Exp
Cluster_4388,Exp
Cluster_4389,Exp
Cluster_4390,Exp
Cluster_4391,Exp
Cluster_4392,Exp
Cluster_4393,Exp
Cluster_4394,Exp
Cluster_4395,Exp
Cluster_4396,Exp
Cluster_4397,Exp
Cluster_4398,Exp
Cluster_4399,Exp
Cluster_4400,Exp
Cluster_4401,Exp
Cluster_4402,Exp
Cluster_4403,Exp
Cluster_4404,Exp
Cluster_4409,Exp
Cluster_4410,Exp
Cluster_4814,Exp
Cluster_4412,Exp
Cluster_4413,Exp
Cluster_4414,Exp
Cluster_4415,Exp
Cluster_4417,Exp
Cluster_4418,Exp
Cluster_4634,Exp
Cluster_4420,Exp
Cluster_4421,Exp
Cluster_4422,Exp
Cluster_4424,Exp
Cluster_4425,Exp
Cluster_4429,Exp
Cluster_4430,Exp
Cluster_4431,Exp
Cluster_4432,Exp
Cluster_4434,Exp
Cluster_4437,Exp
Cluster_4439,Exp
Cluster_4440,Exp
Cluster_4441,Exp
Cluster_4443,Exp
Cluster_4790,Exp
Cluster_4446,Exp
Cluster_4447,Exp
Cluster_4448,Exp
Cluster_4449,Exp
Cluster_4450,Exp
Cluster_4451,Exp
Cluster_4452,Exp
Cluster_4453,Exp
Cluster_4454,Exp
Cluster_4455,Exp
Cluster_4456,Exp
Cluster_4457,Exp
Cluster_4458,Exp
Cluster_4460,Exp
Cluster_4461,Exp
Cluster_4860,Exp
Cluster_4465,Exp
Cluster_4466,Exp
Cluster_4468,Exp
Cluster_4469,Exp
Cluster_4871,Exp
Cluster_4473,Exp
Cluster_4474,Exp
Cluster_4476,Exp
Cluster_4477,Exp
Cluster_4478,Exp
Cluster_4479,Exp
Cluster_4481,Exp
Cluster_4483,Exp
Cluster_4484,Exp
Cluster_4485,Exp
Cluster_4486,Exp
Cluster_4487,Exp
Cluster_5092,Exp
Cluster_4489,Exp
Cluster_4490,Exp
Cluster_4491,Exp
Cluster_4492,Exp
Cluster_4493,Exp
Cluster_4494,Exp
Cluster_4495,Exp
Cluster_4496,Exp
Cluster_4497,Exp
Cluster_4498,Exp
Cluster_4499,Exp
Cluster_4500,Exp
Cluster_4502,Exp
Cluster_4503,Exp
Cluster_4504,Exp
Cluster_4505,Exp
Cluster_4506,Exp
Cluster_4507,Exp
Cluster_4138,Exp
Cluster_4509,Exp
Cluster_4510,Exp
Cluster_4511,Exp
Cluster_4512,Exp
Cluster_4513,Exp
Cluster_4514,Exp
Cluster_2519,Exp
Cluster_4518,Exp
Cluster_3106,Exp
Cluster_4520,Exp
Cluster_4521,Exp
Cluster_3256,Exp
Cluster_4523,Exp
Cluster_4524,Exp
Cluster_4525,Exp
Cluster_4528,Exp
Cluster_4529,Exp
Cluster_3527,Exp
Cluster_4532,Exp
Cluster_4533,Exp
Cluster_4534,Exp
Cluster_4535,Exp
Cluster_4536,Exp
Cluster_4537,Exp
Cluster_4539,Exp
Cluster_4540,Exp
Cluster_4541,Exp
Cluster_3530,Exp
Cluster_2946,Exp
Cluster_4544,Exp
Cluster_4545,Exp
Cluster_4546,Exp
Cluster_3064,Exp
Cluster_4549,Exp
Cluster_3065,Exp
Cluster_4551,Exp
Cluster_4552,Exp
Cluster_4554,Exp
Cluster_4555,Exp
Cluster_4556,Exp
Cluster_4557,Exp
Cluster_4559,Exp
Cluster_4560,Exp
Cluster_4561,Exp
Cluster_4562,Exp
Cluster_4564,Exp
Cluster_4565,Exp
Cluster_4567,Exp
Cluster_4569,Exp
Cluster_4570,Exp
Cluster_4573,Exp
Cluster_4574,Exp
Cluster_4575,Exp
Cluster_4576,Exp
Cluster_4577,Exp
Cluster_4578,Exp
Cluster_4579,Exp
Cluster_4581,Exp
Cluster_4583,Exp
Cluster_4584,Exp
Cluster_4585,Exp
Cluster_4586,Exp
Cluster_4590,Exp
Cluster_4591,Exp
Cluster_4592,Exp
Cluster_4596,Exp
Cluster_4597,Exp
Cluster_4598,Exp
Cluster_3066,Exp
Cluster_4600,Exp
Cluster_4601,Exp
Cluster_4602,Exp
Cluster_4603,Exp
Cluster_4604,Exp
Cluster_4605,Exp
Cluster_4608,Exp
Cluster_4609,Exp
Cluster_4610,Exp
Cluster_4612,Exp
Cluster_4613,Exp
Cluster_4614,Exp
Cluster_4615,Exp
Cluster_4616,Exp
Cluster_3044,Exp
Cluster_4618,Exp
Cluster_4619,Exp
Cluster_4621,Exp
Cluster_4622,Exp
Cluster_4623,Exp
Cluster_4624,Exp
Cluster_4625,Exp
Cluster_4626,Exp
Cluster_4627,Exp
Cluster_4628,Exp
Cluster_4629,Exp
Cluster_4630,Exp
Cluster_4631,Exp
Cluster_4632,Exp
Cluster_3021,Exp
Cluster_3217,Exp
Cluster_4635,Exp
Cluster_4636,Exp
Cluster_4637,Exp
Cluster_4638,Exp
Cluster_4639,Exp
Cluster_4640,Exp
Cluster_4641,Exp
Cluster_4642,Exp
Cluster_3368,Exp
Cluster_4644,Exp
Cluster_4645,Exp
Cluster_4646,Exp
Cluster_4647,Exp
Cluster_4648,Exp
Cluster_4650,Exp
Cluster_4652,Exp
Cluster_4653,Exp
Cluster_4654,Exp
Cluster_4655,Exp
Cluster_4657,Exp
Cluster_3369,Exp
Cluster_4660,Exp
Cluster_4661,Exp
Cluster_4662,Exp
Cluster_3370,Exp
Cluster_4664,Exp
Cluster_4665,Exp
Cluster_4666,Exp
Cluster_4667,Exp
Cluster_4670,Exp
Cluster_4671,Exp
Cluster_4672,Exp
Cluster_3553,Exp
Cluster_3702,Exp
Cluster_4676,Exp
Cluster_4677,Exp
Cluster_4679,Exp
Cluster_3781,Exp
Cluster_3874,Exp
Cluster_4682,Exp
Cluster_4683,Exp
Cluster_4685,Exp
Cluster_4686,Exp
Cluster_4689,Exp
Cluster_4692,Exp
Cluster_4693,Exp
Cluster_4694,Exp
Cluster_4695,Exp
Cluster_4696,Exp
Cluster_4697,Exp
Cluster_4698,Exp
Cluster_4699,Exp
Cluster_4700,Exp
Cluster_4701,Exp
Cluster_4419,Exp
Cluster_4703,Exp
Cluster_4705,Exp
Cluster_4706,Exp
Cluster_4707,Exp
Cluster_4385,Exp
Cluster_4709,Exp
Cluster_4710,Exp
Cluster_4712,Exp
Cluster_4713,Exp
Cluster_4714,Exp
Cluster_4715,Exp
Cluster_4717,Exp
Cluster_4354,Exp
Cluster_4719,Exp
Cluster_4720,Exp
Cluster_4722,Exp
Cluster_4723,Exp
Cluster_4725,Exp
Cluster_4726,Exp
Cluster_4550,Exp
Cluster_4729,Exp
Cluster_4730,Exp
Cluster_4732,Exp
Cluster_4733,Exp
Cluster_4531,Exp
Cluster_4737,Exp
Cluster_4739,Exp
Cluster_4740,Exp
Cluster_4741,Exp
Cluster_4743,Exp
Cluster_4517,Exp
Cluster_4746,Exp
Cluster_4747,Exp
Cluster_4748,Exp
Cluster_4751,Exp
Cluster_4752,Exp
Cluster_4753,Exp
Cluster_4754,Exp
Cluster_4755,Exp
Cluster_4756,Exp
Cluster_4757,Exp
Cluster_4758,Exp
Cluster_4759,Exp
Cluster_4761,Exp
Cluster_4762,Exp
Cluster_4764,Exp
Cluster_4765,Exp
Cluster_4768,Exp
Cluster_4769,Exp
Cluster_4770,Exp
Cluster_4772,Exp
Cluster_4773,Exp
Cluster_4774,Exp
Cluster_4775,Exp
Cluster_4519,Exp
Cluster_4777,Exp
Cluster_4488,Exp
Cluster_4779,Exp
Cluster_4782,Exp
Cluster_4783,Exp
Cluster_4784,Exp
Cluster_4785,Exp
Cluster_4787,Exp
Cluster_4788,Exp
Cluster_4789,Exp
Cluster_4444,Exp
Cluster_4791,Exp
Cluster_4792,Exp
Cluster_4793,Exp
Cluster_4794,Exp
Cluster_4547,Exp
Cluster_4796,Exp
Cluster_4797,Exp
Cluster_4798,Exp
Cluster_4801,Exp
Cluster_4802,Exp
Cluster_4804,Exp
Cluster_4810,Exp
Cluster_4811,Exp
Cluster_4680,Exp
Cluster_4681,Exp
Cluster_4815,Exp
Cluster_4816,Exp
Cluster_4817,Exp
Cluster_4818,Exp
Cluster_4663,Exp
Cluster_4633,Exp
Cluster_4822,Exp
Cluster_4617,Exp
Cluster_4827,Exp
Cluster_4828,Exp
Cluster_4830,Exp
Cluster_4831,Exp
Cluster_4832,Exp
Cluster_4833,Exp
Cluster_4834,Exp
Cluster_4836,Exp
Cluster_4837,Exp
Cluster_4838,Exp
Cluster_4840,Exp
Cluster_4843,Exp
Cluster_4844,Exp
Cluster_4845,Exp
Cluster_4846,Exp
Cluster_4847,Exp
Cluster_4848,Exp
Cluster_4849,Exp
Cluster_4599,Exp
Cluster_4851,Exp
Cluster_4852,Exp
Cluster_4853,Exp
Cluster_4856,Exp
Cluster_4858,Exp
Cluster_4859,Exp
Cluster_4821,Exp
Cluster_4861,Exp
Cluster_4862,Exp
Cluster_4864,Exp
Cluster_4865,Exp
Cluster_4866,Exp
Cluster_4867,Exp
Cluster_4868,Exp
Cluster_4869,Exp
Cluster_4823,Exp
Cluster_4872,Exp
Cluster_4795,Exp
Cluster_4778,Exp
Cluster_4745,Exp
Cluster_4877,Exp
Cluster_4878,Exp
Cluster_4879,Exp
Cluster_4880,Exp
Cluster_4881,Exp
Cluster_4882,Exp
Cluster_4883,Exp
Cluster_4884,Exp
Cluster_4885,Exp
Cluster_4886,Exp
Cluster_4887,Exp
Cluster_4888,Exp
Cluster_4889,Exp
Cluster_4890,Exp
Cluster_4727,Exp
Cluster_4708,Exp
Cluster_4819,Exp
Cluster_4894,Exp
Cluster_4895,Exp
Cluster_4898,Exp
Cluster_4899,Exp
Cluster_4900,Exp
Cluster_4901,Exp
Cluster_4902,Exp
Cluster_4903,Exp
Cluster_4904,Exp
Cluster_4905,Exp
Cluster_4906,Exp
Cluster_4907,Exp
Cluster_4908,Exp
Cluster_4909,Exp
Cluster_4910,Exp
Cluster_4911,Exp
Cluster_4912,Exp
Cluster_4913,Exp
Cluster_4914,Exp
Cluster_4915,Exp
Cluster_4916,Exp
Cluster_4776,Exp
Cluster_4968,Exp
Cluster_4920,Exp
Cluster_4921,Exp
Cluster_4922,Exp
Cluster_4923,Exp
Cluster_4924,Exp
Cluster_4925,Exp
Cluster_4926,Exp
Cluster_4927,Exp
Cluster_4928,Exp
Cluster_4929,Exp
Cluster_4969,Exp
Cluster_4948,Exp
Cluster_4932,Exp
Cluster_4933,Exp
Cluster_4934,Exp
Cluster_4935,Exp
Cluster_4937,Exp
Cluster_4938,Exp
Cluster_4939,Exp
Cluster_4940,Exp
Cluster_4943,Exp
Cluster_4931,Exp
Cluster_4945,Exp
Cluster_4947,Exp
Cluster_4917,Exp
Cluster_4949,Exp
Cluster_4951,Exp
Cluster_4952,Exp
Cluster_4954,Exp
Cluster_4957,Exp
Cluster_4958,Exp
Cluster_4959,Exp
Cluster_4960,Exp
Cluster_4961,Exp
Cluster_4963,Exp
Cluster_4918,Exp
Cluster_4965,Exp
Cluster_4967,Exp
Cluster_4891,Exp
Cluster_4892,Exp
Cluster_4971,Exp
Cluster_4973,Exp
Cluster_4974,Exp
Cluster_4975,Exp
Cluster_4978,Exp
Cluster_4979,Exp
Cluster_4980,Exp
Cluster_4981,Exp
Cluster_4982,Exp
Cluster_4983,Exp
Cluster_4984,Exp
Cluster_4985,Exp
Cluster_4986,Exp
Cluster_4987,Exp
Cluster_4988,Exp
Cluster_4989,Exp
Cluster_4990,Exp
Cluster_4992,Exp
Cluster_4993,Exp
Cluster_4994,Exp
Cluster_4995,Exp
Cluster_4996,Exp
Cluster_4997,Exp
Cluster_4999,Exp
Cluster_5000,Exp
Cluster_5002,Exp
Cluster_5003,Exp
Cluster_5004,Exp
Cluster_5007,Exp
Cluster_5009,Exp
Cluster_4893,Exp
Cluster_4874,Exp
Cluster_5012,Exp
Cluster_5013,Exp
Cluster_5014,Exp
Cluster_5015,Exp
Cluster_5017,Exp
Cluster_5018,Exp
Cluster_5019,Exp
Cluster_5020,Exp
Cluster_5023,Exp
Cluster_5024,Exp
Cluster_5026,Exp
Cluster_5027,Exp
Cluster_5028,Exp
Cluster_5029,Exp
Cluster_4875,Exp
Cluster_4876,Exp
Cluster_5032,Exp
Cluster_5034,Exp
Cluster_5035,Exp
Cluster_5037,Exp
Cluster_5038,Exp
Cluster_5039,Exp
Cluster_5040,Exp
Cluster_5041,Exp
Cluster_5042,Exp
Cluster_5046,Exp
Cluster_4850,Exp
Cluster_4964,Exp
Cluster_5049,Exp
Cluster_5050,Exp
Cluster_5051,Exp
Cluster_5052,Exp
Cluster_5053,Exp
Cluster_5054,Exp
Cluster_5056,Exp
Cluster_5057,Exp
Cluster_5058,Exp
Cluster_5059,Exp
Cluster_5060,Exp
Cluster_4944,Exp
Cluster_5062,Exp
Cluster_5063,Exp
Cluster_5064,Exp
Cluster_5066,Exp
Cluster_5067,Exp
Cluster_5068,Exp
Cluster_5069,Exp
Cluster_5070,Exp
Cluster_5071,Exp
Cluster_5072,Exp
Cluster_4930,Exp
Cluster_5104,Exp
Cluster_5080,Exp
Cluster_5081,Exp
Cluster_5082,Exp
Cluster_5084,Exp
Cluster_5085,Exp
Cluster_5086,Exp
Cluster_5087,Exp
Cluster_5088,Exp
Cluster_5089,Exp
Cluster_5090,Exp
Cluster_5091,Exp
Cluster_5048,Exp
Cluster_5095,Exp
Cluster_5096,Exp
Cluster_5097,Exp
Cluster_5031,Exp
Cluster_5010,Exp
Cluster_5011,Exp
Cluster_5102,Exp
Cluster_5103,Exp
Cluster_5098,Exp
Cluster_5105,Exp
Cluster_5106,Exp
Cluster_5108,Exp
Cluster_5109,Exp
Cluster_5110,Exp
Cluster_5111,Exp
Cluster_5112,Exp
Cluster_5113,Exp
Cluster_5114,Exp
Cluster_5099,Exp
Cluster_5100,Exp
Cluster_5078,Exp
Cluster_5118,Exp
Cluster_5119,Exp
Cluster_5120,Exp
Cluster_5121,Exp
Cluster_5122,Exp
Cluster_5123,Exp
Cluster_5124,Exp
Cluster_5125,Exp
Cluster_5126,Exp
Cluster_5127,Exp
Cluster_5129,Exp
Cluster_5130,Exp
Cluster_5079,Exp
Cluster_5061,Exp
Cluster_5047,Exp
Cluster_5136,Exp
Cluster_5137,Exp
Cluster_5139,Exp
Cluster_5140,Exp
Cluster_5141,Exp
Cluster_5142,Exp
Cluster_5143,Exp
Cluster_5144,Exp
Cluster_5145,Exp
Cluster_5149,Exp
Cluster_5150,Exp
Cluster_5030,Exp
Cluster_5152,Exp
Cluster_5226,Exp
Cluster_5155,Exp
Cluster_5156,Exp
Cluster_5157,Exp
Cluster_5160,Exp
Cluster_5162,Exp
Cluster_5163,Exp
Cluster_5164,Exp
Cluster_5165,Exp
Cluster_5166,Exp
Cluster_5168,Exp
Cluster_5211,Exp
Cluster_5184,Exp
Cluster_5171,Exp
Cluster_5173,Exp
Cluster_5177,Exp
Cluster_5178,Exp
Cluster_5172,Exp
Cluster_5185,Exp
Cluster_5186,Exp
Cluster_5187,Exp
Cluster_5188,Exp
Cluster_5189,Exp
Cluster_5191,Exp
Cluster_5151,Exp
Cluster_5197,Exp
Cluster_5200,Exp
Cluster_5201,Exp
Cluster_5202,Exp
Cluster_5206,Exp
Cluster_5208,Exp
Cluster_5209,Exp
Cluster_5210,Exp
Cluster_5153,Exp
Cluster_5212,Exp
Cluster_5213,Exp
Cluster_5214,Exp
Cluster_5215,Exp
Cluster_5221,Exp
Cluster_5222,Exp
Cluster_5223,Exp
Cluster_5224,Exp
Cluster_5225,Exp
Cluster_5133,Exp
Cluster_5227,Exp
Cluster_5228,Exp
Cluster_5229,Exp
Cluster_5230,Exp
Cluster_5232,Exp
Cluster_5233,Exp
Cluster_5234,Exp
Cluster_5235,Exp
Cluster_5236,Exp
Cluster_5134,Exp
Cluster_5239,Exp
Cluster_5135,Exp
Cluster_5241,Exp
Cluster_5242,Exp
Cluster_5243,Exp
Cluster_5247,Exp
Cluster_5248,Exp
Cluster_5249,Exp
Cluster_5250,Exp
Cluster_5252,Exp
Cluster_5253,Exp
Cluster_5254,Exp
Cluster_5255,Exp
Cluster_5115,Exp
Cluster_5116,Exp
Cluster_5258,Exp
Cluster_5117,Exp
Cluster_5261,Exp
Cluster_5263,Exp
Cluster_5265,Exp
Cluster_5268,Exp
Cluster_5269,Exp
Cluster_5271,Exp
Cluster_5196,Exp
Cluster_5170,Exp
Cluster_5277,Exp
Cluster_5276,Exp
Cluster_5259,Exp
Cluster_5278,Exp
Cluster_5279,Exp
Cluster_5280,Exp
Cluster_5283,Exp
Cluster_5285,Exp
Cluster_5240,Exp
Cluster_5310,Exp
Cluster_5288,Exp
Cluster_5289,Exp
Cluster_5290,Exp
Cluster_5292,Exp
Cluster_5293,Exp
Cluster_5294,Exp
Cluster_5296,Exp
Cluster_5299,Exp
Cluster_5300,Exp
Cluster_5301,Exp
Cluster_5302,Exp
Cluster_5303,Exp
Cluster_5306,Exp
Cluster_5307,Exp
Cluster_5309,Exp
Cluster_5286,Exp
Cluster_5311,Exp
Cluster_5312,Exp
Cluster_5314,Exp
Cluster_5315,Exp
Cluster_5316,Exp
Cluster_5318,Exp
Cluster_5319,Exp
Cluster_5321,Exp
Cluster_5322,Exp
Cluster_5327,Exp
Cluster_5330,Exp
Cluster_5331,Exp
Cluster_5332,Exp
Cluster_5333,Exp
Cluster_5334,Exp
Cluster_5336,Exp
Cluster_5338,Exp
Cluster_5340,Exp
Cluster_5342,Exp
Cluster_5346,Exp
Cluster_5347,Exp
Cluster_5352,Exp
Cluster_5353,Exp
Cluster_5287,Exp
Cluster_5361,Exp
Cluster_5362,Exp
Cluster_5363,Exp
Cluster_5365,Exp
Cluster_5368,Exp
Cluster_5369,Exp
Cluster_5375,Exp
Cluster_5378,Exp
Cluster_5379,Exp
Cluster_5381,Exp
Cluster_5384,Exp
Cluster_5389,Exp
Cluster_5391,Exp
Cluster_5392,Exp
Cluster_5393,Exp
Cluster_5395,Exp
Cluster_5396,Exp
Cluster_5397,Exp
Cluster_5399,Exp
Cluster_5400,Exp
Cluster_5401,Exp
Cluster_5273,Exp
Cluster_5404,Exp
Cluster_5405,Exp
Cluster_5406,Exp
Cluster_5407,Exp
Cluster_5408,Exp
Cluster_5409,Exp
Cluster_5411,Exp
Cluster_5412,Exp
Cluster_5414,Exp
Cluster_5415,Exp
Cluster_5417,Exp
Cluster_5419,Exp
Cluster_5422,Exp
Cluster_5423,Exp
Cluster_5425,Exp
Cluster_5429,Exp
Cluster_5432,Exp
Cluster_5433,Exp
Cluster_5440,Exp
Cluster_5442,Exp
Cluster_5444,Exp
Cluster_5446,Exp
Cluster_5450,Exp
Cluster_5457,Exp
Cluster_5459,Exp
Cluster_5462,Exp
Cluster_5465,Exp
Cluster_5467,Exp
Cluster_5470,Exp
Cluster_5472,Exp
Cluster_5473,Exp
Cluster_5474,Exp
Cluster_5475,Exp
Cluster_5479,Exp
Cluster_5480,Exp
Cluster_5483,Exp
Cluster_5490,Exp
Cluster_5491,Exp
Cluster_5499,Exp
Cluster_5502,Exp
Cluster_5503,Exp
Cluster_5505,Exp
Cluster_5508,Exp
Cluster_5509,Exp
Cluster_5510,Exp
Cluster_5511,Exp
Cluster_5514,Exp
Cluster_5515,Exp
Cluster_5516,Exp
Cluster_5518,Exp
Cluster_5522,Exp
Cluster_5523,Exp
Cluster_5525,Exp
Cluster_5526,Exp
Cluster_5531,Exp
Cluster_5535,Exp
Cluster_5536,Exp
Cluster_5537,Exp
Cluster_5542,Exp
Cluster_5544,Exp
Cluster_5547,Exp
Cluster_5550,Exp
Cluster_5556,Exp
Cluster_5557,Exp
Cluster_5558,Exp
Cluster_5561,Exp
Cluster_5562,Exp
Cluster_5563,Exp
Cluster_5570,Exp
Cluster_5573,Exp
Cluster_5576,Exp
Cluster_5577,Exp
Cluster_5579,Exp
Cluster_5580,Exp
Cluster_5582,Exp
Cluster_5585,Exp
Cluster_5586,Exp
Cluster_5591,Exp
Cluster_5592,Exp
Cluster_5594,Exp
Cluster_5597,Exp
Cluster_5599,Exp
Cluster_5606,Exp
Cluster_5609,Exp
Cluster_5610,Exp
Cluster_5611,Exp
Cluster_5612,Exp
Cluster_5613,Exp
Cluster_5614,Exp
Cluster_5616,Exp
Cluster_5619,Exp
Cluster_5621,Exp
Cluster_5623,Exp
Cluster_5626,Exp
Cluster_5628,Exp
Cluster_5629,Exp
Cluster_5632,Exp
Cluster_5633,Exp
Cluster_5635,Exp
Cluster_5637,Exp
Cluster_5641,Exp
Cluster_5642,Exp
Cluster_5643,Exp
Cluster_5644,Exp
Cluster_5647,Exp
Cluster_5654,Exp
Cluster_5665,Exp
Cluster_5667,Exp
Cluster_5668,Exp
Cluster_5669,Exp
Cluster_5670,Exp
Cluster_5672,Exp
Cluster_5677,Exp
Cluster_5678,Exp
Cluster_5682,Exp
Cluster_5689,Exp
Cluster_5695,Exp
Cluster_5696,Exp
Cluster_5699,Exp
Cluster_5705,Exp
Cluster_5708,Exp
Cluster_5710,Exp
Cluster_5711,Exp
Cluster_5713,Exp
Cluster_5714,Exp
Cluster_5715,Exp
Cluster_5716,Exp
Cluster_5718,Exp
Cluster_5739,Exp
Cluster_5740,Exp
Cluster_5741,Exp
Cluster_5743,Exp
Cluster_5746,Exp
Cluster_5751,Exp
Cluster_5752,Exp
Cluster_5754,Exp
Cluster_5755,Exp
Cluster_5756,Exp
Cluster_5757,Exp
Cluster_5758,Exp
Cluster_5760,Exp
Cluster_5761,Exp
Cluster_5763,Exp
Cluster_5773,Exp
Cluster_5803,Exp
Cluster_5817,Exp
Cluster_5820,Exp
Cluster_5843,Exp
Cluster_5865,Exp
Cluster_5879,Exp
Cluster_5899,Exp
Cluster_5914,Exp
Cluster_5915,Exp
Cluster_5924,Exp
Cluster_5926,Exp
Cluster_5929,Exp
Cluster_5946,Exp
Cluster_5948,Exp
Cluster_5274,Exp
Cluster_5275,Exp
Cluster_5256,Exp
Cluster_5955,Exp
Cluster_5958,Exp
Cluster_5959,Exp
Cluster_5962,Exp
Cluster_5257,Exp
Cluster_5977,Exp
Cluster_5237,Exp
Cluster_5402,Exp
Cluster_5982,Exp
Cluster_5983,Exp
Cluster_5355,Exp
Cluster_5985,Exp
Cluster_5986,Exp
Cluster_5987,Exp
Cluster_5988,Exp
Cluster_5995,Exp
Cluster_5996,Exp
Cluster_5997,Exp
Cluster_5999,Exp
M_q9h2,GSMN
M_3ohexACP,GSMN
M_3hhdcoa,GSMN
M_hexACP,GSMN
M_tym,GSMN
M_3hmp,GSMN
M_glac,GSMN
M_prot_mito,GSMN
M_bhos_34,GSMN
M_3hanthrn,GSMN
M_pg,GSMN
M_bkos_30,GSMN
M_ceracp,GSMN
M_4tmeabutn,GSMN
M_ascr_17coa,GSMN
M_octa,GSMN
M_orn,GSMN
M_ascr_14,GSMN
M_valtrna,GSMN
M_hxdcenal,GSMN
M_fa8p1n3coa,GSMN
M_34dhphe,GSMN
M_glc_bD,GSMN
M_trnasec,GSMN
M_Glycans,GSMN
M_3aOHd7da,GSMN
M_oscr_30,GSMN
M_lps_BAC,GSMN
M_dguar,GSMN
M_stcoa,GSMN
M_lnlncgcoa,GSMN
M_bhos_20coa,GSMN
M_acetoACP,GSMN
M_CE2249,GSMN
M_3padsel,GSMN
M_mi1345p,GSMN
M_oligo_dpdolichol,GSMN
M_mi14p,GSMN
M_fuc1p_L,GSMN
M_deg10,GSMN
M_3htmelys,GSMN
M_5HPET,GSMN
M_adhap,GSMN
M_m3masn,GSMN
M_oscr_33coa,GSMN
M_35cgmp,GSMN
M_fa19c11coa,GSMN
M_ascr_36,GSMN
M_d4da,GSMN
M_acakgp,GSMN
M_outerlps_BAC,GSMN
M_peplys,GSMN
M_dadnr,GSMN
M_ctacp,GSMN
M_CE2243ACP,GSMN
M_trnaasn,GSMN
M_c17isocrmp,GSMN
M_gthox,GSMN
M_maltr,GSMN
M_trnaleu,GSMN
M_selcys,GSMN
M_trnalys,GSMN
M_ach,GSMN
M_acorn,GSMN
M_bkas_28,GSMN
M_oscr_21,GSMN
M_sertrna_sec,GSMN
M_3oxste,GSMN
M_10fthf,GSMN
M_bkas_10coa,GSMN
M_bhas_32coa,GSMN
M_metsel,GSMN
M_bkos_28coa,GSMN
M_chstenone,GSMN
M_3hbcoa,GSMN
M_bkos_30coa,GSMN
M_5mdr1p,GSMN
M_ethamp,GSMN
M_mg2,GSMN
M_bkas_26coa,GSMN
M_ascr_23,GSMN
M_amet,GSMN
M_adaldp,GSMN
M_alpa_pl,GSMN
M_C13iso,GSMN
M_air,GSMN
M_ppip,GSMN
M_am6sa,GSMN
M_7dhchsterol_lum3,GSMN
M_gua,GSMN
M_3hbehenACP,GSMN
M_protSfarCmet,GSMN
M_lgncACP,GSMN
M_bkos_12coa,GSMN
M_n2m2masn,GSMN
M_ddcrn,GSMN
M_malnacp,GSMN
M_ac,GSMN
M_3otdcoa,GSMN
M_5oxpro,GSMN
M_35diotyr,GSMN
M_mi3p_D,GSMN
M_oh,GSMN
M_bhas_1,GSMN
M_g3m8mpdol,GSMN
M_glygn1,GSMN
M_pail35p,GSMN
M_chtbs,GSMN
M_m2nag2dp,GSMN
M_m3emgacpail,GSMN
M_3spyr,GSMN
M_dcyt,GSMN
M_ddca,GSMN
M_Nforglu,GSMN
M_orot,GSMN
M_bhos_38,GSMN
M_nonadp,GSMN
M_prot_cys,GSMN
M_cdp,GSMN
M_bcaadh2mp,GSMN
M_glcr,GSMN
M_occrn,GSMN
M_ascr_18,GSMN
M_melib,GSMN
M_pail,GSMN
M_pgp,GSMN
M_clpn,GSMN
M_oh1,GSMN
M_protSger,GSMN
M_met_ala_met,GSMN
M_pcollg_tri,GSMN
M_clb,GSMN
M_q,GSMN
M_his_L,GSMN
M_retinolCRBP,GSMN
M_but2ACP,GSMN
M_2hb,GSMN
M_oscr_26coa,GSMN
M_bhos_9,GSMN
M_retinol_cis_11,GSMN
M_mptamp,GSMN
M_adrenodoxin_red,GSMN
M_akgm,GSMN
M_9metdecACP,GSMN
M_2np6mep,GSMN
M_glucys,GSMN
M_2dr5p,GSMN
M_selcyst,GSMN
M_pheme,GSMN
M_c17isogalside,GSMN
M_3hbutACP,GSMN
M_3hoctACP,GSMN
M_c17isosphs1p,GSMN
M_nh3,GSMN
M_Rtotal4,GSMN
M_ascr_26coa,GSMN
M_cs_pre4,GSMN
M_bcaadh,GSMN
M_ascr_24coa,GSMN
M_seasmet,GSMN
M_2hyoxplac,GSMN
M_g3pe,GSMN
M_cyan,GSMN
M_tma,GSMN
M_4aphdob,GSMN
M_ISclustprot,GSMN
M_m8nag2dp,GSMN
M_rnam,GSMN
M_cys_L,GSMN
M_Lcyst,GSMN
M_enphpyr,GSMN
M_leutrna,GSMN
M_peamn,GSMN
M_selnp,GSMN
M_bkas_24,GSMN
M_pydx5p,GSMN
M_mem2emgacpail,GSMN
M_pcollg5hlys,GSMN
M_sprm,GSMN
M_thiocarb_mpt,GSMN
M_2doxrib,GSMN
M_bkas_24coa,GSMN
M_galgluside,GSMN
M_m4mpdol,GSMN
M_hxc2coa,GSMN
M_bkos_14coa,GSMN
M_RNA,GSMN
M_pa_BAC,GSMN
M_8bppoldm,GSMN
M_sorbitol,GSMN
M_trnatrp,GSMN
M_m_em_3gacpail_prot_hs,GSMN
M_doldpglcnacglcnacmanman,GSMN
M_bhos_12,GSMN
M_mev_R,GSMN
M_mhista,GSMN
M_doldpglcnacglcnacman_manman_manmanman,GSMN
M_ascr_27,GSMN
M_gacpail,GSMN
M_retinolPBP,GSMN
M_3oxpal,GSMN
M_prostge2,GSMN
M_glx,GSMN
M_bkos_9coa,GSMN
M_g1p,GSMN
M_hbas_3,GSMN
M_duri,GSMN
M_oscr_1coa,GSMN
M_3hmbcoa,GSMN
M_tddec2eACP,GSMN
M_trnagln,GSMN
M_bcaalip,GSMN
M_mpt,GSMN
M_fn2m2masn,GSMN
M_3hdecACP,GSMN
M_3pg,GSMN
M_udpxyl,GSMN
M_2thexd,GSMN
M_betnd,GSMN
M_LalaLglu,GSMN
M_3mgcoa,GSMN
M_bkos_38,GSMN
M_l2fn2m2masn,GSMN
M_sql,GSMN
M_hdd2coa,GSMN
M_6nadgpi,GSMN
M_L2aadp6sa,GSMN
M_lgnccoa,GSMN
M_akac2gp,GSMN
M_hx2coa,GSMN
M_34hpl,GSMN
M_r1p,GSMN
M_2hglut,GSMN
M_lipoate,GSMN
M_d0da,GSMN
M_bhas_14,GSMN
M_c17isospc,GSMN
M_oscr_17,GSMN
M_pan4p,GSMN
M_ump,GSMN
M_cbl1,GSMN
M_3metbutACP,GSMN
M_acgam1p,GSMN
M_pail4p,GSMN
M_fa11c3crn,GSMN
M_c17isosph1p,GSMN
M_arab_L,GSMN
M_hoxiccoa,GSMN
M_ind56qn,GSMN
M_mmf3b,GSMN
M_gglsmsc,GSMN
M_qh2,GSMN
M_aps,GSMN
M_cu2,GSMN
M_ascr_7,GSMN
M_bkas_10,GSMN
M_retinal,GSMN
M_fa21,GSMN
M_ocdce9a,GSMN
M_pepX,GSMN
M_bhas_36,GSMN
M_5g2oxpt,GSMN
M_selnt,GSMN
M_mmf6g,GSMN
M_dna_BAC,GSMN
M_2meb_lipact,GSMN
M_nicrns,GSMN
M_homoval,GSMN
M_bkos_32coa,GSMN
M_cercar,GSMN
M_doldpglcnacglcnacman_man_manman_manman_manmanmanglcglc,GSMN
M_gthrd,GSMN
M_icas_10,GSMN
M_L_dpchrm,GSMN
M_g1m8masn,GSMN
M_amchb,GSMN
M_glutaur,GSMN
M_dad_2,GSMN
M_eumelanin,GSMN
M_vacc,GSMN
M_m8mpdol,GSMN
M_Folatepolyglutamate_n,GSMN
M_ppmi1346p,GSMN
M_bkas_32,GSMN
M_minohp,GSMN
M_dolp,GSMN
M_mgf3f6gb,GSMN
M_akac2gpe,GSMN
M_fadh2,GSMN
M_sedh,GSMN
M_gmadph,GSMN
M_4mlacac,GSMN
M_bhos_34coa,GSMN
M_ga51,GSMN
M_lcts,GSMN
M_crm,GSMN
M_bkos_16,GSMN
M_xoltriol,GSMN
M_dutp,GSMN
M_doldpglcnacglcnacman_manmanman_manmanman,GSMN
M_bhos_16,GSMN
M_2mb2coa,GSMN
M_c17iso3dsphgn,GSMN
M_succ,GSMN
M_dcacoa,GSMN
M_gal,GSMN
M_m2emgacpail,GSMN
M_rq9h2,GSMN
M_osas_10,GSMN
M_bhos_1coa,GSMN
M_ascr_19,GSMN
M_3ohodcoa,GSMN
M_forssman,GSMN
M_c17isosphings,GSMN
M_oscr_35,GSMN
M_4cmcoa,GSMN
M_oscr_10coa,GSMN
M_c17isogluside,GSMN
M_ascr_33coa,GSMN
M_dolichol,GSMN
M_adrenodoxin_ox,GSMN
M_mi1456p,GSMN
M_bkos_34,GSMN
M_man5Gn,GSMN
M_td2coa,GSMN
M_biomass_minor,GSMN
M_HC02136,GSMN
M_ascr_10,GSMN
M_fa17p0isocrn,GSMN
M_zn2,GSMN
M_34hpp,GSMN
M_34dhpha,GSMN
M_bhas_10,GSMN
M_sphmyln,GSMN
M_decanoylACP,GSMN
M_manlipo,GSMN
M_oscr_24coa,GSMN
M_4hbzcoa,GSMN
M_oscr_13,GSMN
M_bhas_16coa,GSMN
M_ak2gchol,GSMN
M_dhlip_gcvh,GSMN
M_pdipht,GSMN
M_but,GSMN
M_cholcoaone,GSMN
M_21ohfa21,GSMN
M_xoltri27,GSMN
M_aact,GSMN
M_bhos_1,GSMN
M_pepasn,GSMN
M_iletrna,GSMN
M_mmf3,GSMN
M_CE2245,GSMN
M_glutaconyl_coa,GSMN
M_tag,GSMN
M_didp,GSMN
M_oscr_17coa,GSMN
M_nformanth,GSMN
M_peptmelys,GSMN
M_fa13p0iso,GSMN
M_cholate,GSMN
M_ascr_32,GSMN
M_docosac,GSMN
M_pydxn,GSMN
M_i,GSMN
M_ascr_3,GSMN
M_bhas_32,GSMN
M_hco3,GSMN
M_dha,GSMN
M_acycrn,GSMN
M_7metoctACP,GSMN
M_andrstrnglc,GSMN
M_bhos_38coa,GSMN
M_ivcoa,GSMN
M_akac2g,GSMN
M_oc2coa,GSMN
M_cretbpr,GSMN
M_cs_pre,GSMN
M_3hdcoa,GSMN
M_acakg,GSMN
M_m6adnr,GSMN
M_xoltetrol,GSMN
M_hemea,GSMN
M_ascr_10coa,GSMN
M_asptrna,GSMN
M_sbt_D,GSMN
M_thp2c,GSMN
M_acetln,GSMN
M_peptido_BAC,GSMN
M_acBgamamAsn,GSMN
M_pmtcoa,GSMN
M_dcaACP,GSMN
M_tccar,GSMN
M_Naclys,GSMN
M_bhos_18coa,GSMN
M_etoh,GSMN
M_val_L,GSMN
M_m3gacpail,GSMN
M_2dr1p,GSMN
M_3oxlig,GSMN
M_aso3,GSMN
M_fuc_L,GSMN
M_lipo_domain,GSMN
M_bkos_12,GSMN
M_hexadec,GSMN
M_dopaqn,GSMN
M_tmndnccoa,GSMN
M_oscr_26,GSMN
M_T4hcinnm,GSMN
M_m1mpdol,GSMN
M_fnm2masn,GSMN
M_3hbcoa_R,GSMN
M_pram,GSMN
M_cs_c_deg3,GSMN
M_histrna,GSMN
M_4tmeabut,GSMN
M_dsmsterol,GSMN
M_dhlpro,GSMN
M_adsel,GSMN
M_pro_L,GSMN
M_cytd,GSMN
M_doldpglcnacglcnacman_man_man,GSMN
M_mgf6g,GSMN
M_bhas_36coa,GSMN
M_dgdp,GSMN
M_bhos_32coa,GSMN
M_12ppd_R,GSMN
M_ocACP,GSMN
M_ascr_26,GSMN
M_dcamp,GSMN
M_g2m8masn,GSMN
M_gluala,GSMN
M_sphs1p,GSMN
M_42A3HP24DB,GSMN
M_sucsal,GSMN
M_asn_L,GSMN
M_ct_frdp,GSMN
M_fa24p0coa,GSMN
M_fa16p1n7crn,GSMN
M_soluble_BAC,GSMN
M_m3nag2dp,GSMN
M_trnaile,GSMN
M_Rtotal4coa,GSMN
M_kynate,GSMN
M_fa11c3coa,GSMN
M_oscr_9,GSMN
M_ascr_30coa,GSMN
M_met_L,GSMN
M_sphings,GSMN
M_h2o2,GSMN
M_oscr_30coa,GSMN
M_dhf,GSMN
M_3hstearoylACP,GSMN
M_3mlda,GSMN
M_rna_BAC,GSMN
M_ETF_Reduced,GSMN
M_bhas_12coa,GSMN
M_q8,GSMN
M_galside_cho,GSMN
M_ascr_13,GSMN
M_bkas_1,GSMN
M_icas_1,GSMN
M_archcoa,GSMN
M_2np6mobq,GSMN
M_ocdca,GSMN
M_dump,GSMN
M_phe_L,GSMN
M_oscr_31,GSMN
M_cholcoar,GSMN
M_bhos_24coa,GSMN
M_ac_adprib,GSMN
M_ascr_38coa,GSMN
M_m2gacpail,GSMN
M_bhas_20,GSMN
M_mercppyr,GSMN
M_tetradecanoylACP,GSMN
M_hdca,GSMN
M_lthstrl,GSMN
M_asehcys,GSMN
M_c17isosphmyln,GSMN
M_trnacys,GSMN
M_ascr_22coa,GSMN
M_c15isoenal,GSMN
M_tre,GSMN
M_dhnpt,GSMN
M_fa17c9,GSMN
M_aicar,GSMN
M_ascr_35,GSMN
M_ins,GSMN
M_ascr_2,GSMN
M_ggn,GSMN
M_retn,GSMN
M_cs_pre3,GSMN
M_bhos_20,GSMN
M_trnahis,GSMN
M_ETR_Quinones,GSMN
M_4hglusa,GSMN
M_deg9,GSMN
M_smscys,GSMN
M_sarcs,GSMN
M_xol7a,GSMN
M_mmlipo,GSMN
M_oscr_22,GSMN
M_e4hglu,GSMN
M_malonylACP,GSMN
M_gtp,GSMN
M_xmp,GSMN
M_etha,GSMN
M_fecost,GSMN
M_tyr_L,GSMN
M_so3,GSMN
M_mmf3f6g,GSMN
M_s7p,GSMN
M_sl_L,GSMN
M_3hodcoa,GSMN
M_bkos_20,GSMN
M_bkas_16,GSMN
M_aracp,GSMN
M_asp_D,GSMN
M_dtpcpprd,GSMN
M_bkas_14coa,GSMN
M_adpglc,GSMN
M_dedoldp,GSMN
M_grxrd,GSMN
M_2maacoa,GSMN
M_Rtotal5coa,GSMN
M_bhos_14coa,GSMN
M_fe2,GSMN
M_1p3h5c,GSMN
M_nh4,GSMN
M_mgf3f6b,GSMN
M_bkas_38,GSMN
M_gdpfuc,GSMN
M_g1p_B,GSMN
M_3uib,GSMN
M_r5p,GSMN
M_6pgc,GSMN
M_naglc2p,GSMN
M_man8GlcNac2Asn,GSMN
M_nm3masn,GSMN
M_12dag,GSMN
M_actACP,GSMN
M_Nmelys,GSMN
M_arachd,GSMN
M_man7GlcNac2Asn,GSMN
M_eet,GSMN
M_pail34p,GSMN
M_nm2masn,GSMN
M_bkos_26coa,GSMN
M_3hibutcoa,GSMN
M_oscr_36coa,GSMN
M_ACP,GSMN
M_thcholstoic,GSMN
M_ascr_17,GSMN
M_mthgxl,GSMN
M_3npdhb,GSMN
M_ascr_9coa,GSMN
M_M_gpail_hs,GSMN
M_ser_L,GSMN
M_bkos_16coa,GSMN
M_glutcoa,GSMN
M_udpacgal,GSMN
M_xser,GSMN
M_bhas_30coa,GSMN
M_acac,GSMN
M_itp,GSMN
M_gcynala,GSMN
M_cprlser,GSMN
M_guln,GSMN
M_RX,GSMN
M_c17isodhcrm,GSMN
M_gly,GSMN
M_octlipo_domain,GSMN
M_CE2245ACP,GSMN
M_mercplac,GSMN
M_ala_B,GSMN
M_bhos_22coa,GSMN
M_ddsmsterol,GSMN
M_amuco,GSMN
M_retinol_9_cis,GSMN
M_glntrna,GSMN
M_o2,GSMN
M_mlthf,GSMN
M_gcald,GSMN
M_hpglu,GSMN
M_4hoxpacd,GSMN
M_tmndnccrn,GSMN
M_bhos_24,GSMN
M_3ohcoa,GSMN
M_small_mpts,GSMN
M_oscr_13coa,GSMN
M_dlnlcgcoa,GSMN
M_caphis,GSMN
M_glygn2,GSMN
M_oscr_21coa,GSMN
M_bhas_10coa,GSMN
M_nadph,GSMN
M_mgf3f3f6g,GSMN
M_aprop,GSMN
M_3hhexACP,GSMN
M_dedolp,GSMN
M_nmn,GSMN
M_dolmanp,GSMN
M_bhas_20coa,GSMN
M_bkos_9,GSMN
M_oscr_31coa,GSMN
M_4hbz,GSMN
M_bkas_12,GSMN
M_hpyr,GSMN
M_urate,GSMN
M_btcoa,GSMN
M_ncam,GSMN
M_udpglcur,GSMN
M_gmp,GSMN
M_lgt_S,GSMN
M_ascr_32coa,GSMN
M_galt,GSMN
M_gpi_prot,GSMN
M_protSgerCmet,GSMN
M_glyclt,GSMN
M_dodecanoylACP,GSMN
M_glu_L,GSMN
M_s2,GSMN
M_oscr_27,GSMN
M_c17isodhsphmyln,GSMN
M_pser_L,GSMN
M_ahcys,GSMN
M_orot5p,GSMN
M_fa16p1n7coa,GSMN
M_3mop,GSMN
M_cs_c_deg2,GSMN
M_c17isosphgn,GSMN
M_3nphb,GSMN
M_nrdh_ox,GSMN
M_3mldz,GSMN
M_fum,GSMN
M_m4masn,GSMN
M_thm,GSMN
M_bhas_38coa,GSMN
M_palmACP,GSMN
M_pg_BAC,GSMN
M_fa8p1n3crn,GSMN
M_mhpglu,GSMN
M_moco,GSMN
M_dthyr,GSMN
M_pchol,GSMN
M_cmusa,GSMN
M_ascr_3coa,GSMN
M_m7mpdol,GSMN
M_oscr_1,GSMN
M_mmf3f3f6,GSMN
M_ps_BAC,GSMN
M_emgacpail,GSMN
M_pep,GSMN
M_bkas_9,GSMN
M_icas_9,GSMN
M_mettrna,GSMN
M_stcrn,GSMN
M_g2madph,GSMN
M_3oddcoa,GSMN
M_Lkynr,GSMN
M_oscr_18,GSMN
M_3dpminol,GSMN
M_bkas_20,GSMN
M_strdnccoa,GSMN
M_nm4masn,GSMN
M_crn,GSMN
M_m8gnpp,GSMN
M_fa14p2n6coa,GSMN
M_doldpglcnacglcnacman_man_manman_manman_manmanmanglc,GSMN
M_bhas_28,GSMN
M_pglyc,GSMN
M_thr_L,GSMN
M_glu5p,GSMN
M_gbside,GSMN
M_core6,GSMN
M_Rtotal2coa,GSMN
M_m5cytr,GSMN
M_mmf3f6gb,GSMN
M_2c23dh56dhoxin,GSMN
M_lnlncacoa,GSMN
M_gam,GSMN
M_2npmhobq,GSMN
M_din,GSMN
M_bhos_28,GSMN
M_Rtotal5,GSMN
M_alkenac2g,GSMN
M_behacp,GSMN
M_thcrm,GSMN
M_gchola,GSMN
M_co,GSMN
M_malttr,GSMN
M_dcdp,GSMN
M_ctp,GSMN
M_cyst_L,GSMN
M_tchola,GSMN
M_caro,GSMN
M_ascr_28coa,GSMN
M_prpp,GSMN
M_hoxdcoa,GSMN
M_fe3,GSMN
M_dttOX,GSMN
M_MM,GSMN
M_toct2eACP,GSMN
M_bkos_28,GSMN
M_bhas_9,GSMN
M_tmao,GSMN
M_ascr_12coa,GSMN
M_Lfmkynr,GSMN
M_dpolpkp,GSMN
M_ascr_18coa,GSMN
M_retnglc,GSMN
M_pyr,GSMN
M_arach,GSMN
M_asp_L,GSMN
M_bkos_10coa,GSMN
M_cala,GSMN
M_xoldioloneh,GSMN
M_amehl,GSMN
M_cdpea,GSMN
M_pydx,GSMN
M_alpro,GSMN
M_ascr_22,GSMN
M_glu5sa,GSMN
M_3mb2coa,GSMN
M_nac,GSMN
M_bhas_18coa,GSMN
M_grxox,GSMN
M_dmpp,GSMN
M_oscr_23,GSMN
M_glutrna,GSMN
M_oaa,GSMN
M_3ohdcoa,GSMN
M_stachyose,GSMN
M_man5gn,GSMN
M_trnaval,GSMN
M_oscr_19coa,GSMN
M_3hpp,GSMN
M_pcrn,GSMN
M_h,GSMN
M_trnaglu,GSMN
M_oscr_36,GSMN
M_BAC,GSMN
M_ascr_35coa,GSMN
M_dtdp,GSMN
M_fa17p0iso,GSMN
M_pyam5p,GSMN
M_occoa,GSMN
M_ttc,GSMN
M_bkos_20coa,GSMN
M_fataccoa,GSMN
M_xol27one,GSMN
M_imp,GSMN
M_3ooctACP,GSMN
M_grdp,GSMN
M_hmgcoa,GSMN
M_bhas_28coa,GSMN
M_gdpmann,GSMN
M_polypeptide,GSMN
M_osas_9,GSMN
M_guar,GSMN
M_s17bp,GSMN
M_oscr_14,GSMN
M_gpi_sig,GSMN
M_lipoamp,GSMN
M_retinol,GSMN
M_DNA,GSMN
M_dmeap,GSMN
M_oscr_29coa,GSMN
M_protSgerC,GSMN
M_3hpcoa,GSMN
M_bhas_24,GSMN
M_c8crn,GSMN
M_apoISclustprot,GSMN
M_19oharach,GSMN
M_3sala,GSMN
M_dlnlcgcrn,GSMN
M_akdhap,GSMN
M_chlstol,GSMN
M_core2,GSMN
M_ascr_31,GSMN
M_ascr_25coa,GSMN
M_alken2gpe,GSMN
M_mi145p,GSMN
M_f26bp,GSMN
M_glycogen,GSMN
M_m8masn,GSMN
M_1pyr5c,GSMN
M_3oodcoa,GSMN
M_msa,GSMN
M_cytc,GSMN
M_cit,GSMN
M_apoACP,GSMN
M_urcan,GSMN
M_sstol,GSMN
M_3htdcoa,GSMN
M_fa9p0isocrn,GSMN
M_glytrna,GSMN
M_dadp,GSMN
M_c17isogalgluside,GSMN
M_2np6mobq_me,GSMN
M_bilirub,GSMN
M_ETR_Quinols,GSMN
M_hxa,GSMN
M_trnatyr,GSMN
M_uacgam,GSMN
M_adocbl,GSMN
M_pap,GSMN
M_mdascb,GSMN
M_eicostetcrn,GSMN
M_raffin,GSMN
M_m_em_3gacpail,GSMN
M_ascr_15coa,GSMN
M_nmlamp,GSMN
M_bkos_24,GSMN
M_dnarnatotal,GSMN
M_3dsphgn,GSMN
M_doldpglcnacglcnacman_man_manman,GSMN
M_20ohfa21,GSMN
M_gdpddman,GSMN
M_trnaasp,GSMN
M_mobd,GSMN
M_fprica,GSMN
M_tdencoa,GSMN
M_S3hb,GSMN
M_man6p,GSMN
M_butyrylACP,GSMN
M_cystrna,GSMN
M_lpglyc,GSMN
M_prot_other,GSMN
M_trnagly,GSMN
M_cholcoads,GSMN
M_nrdh_rd,GSMN
M_h2o,GSMN
M_hxdcal,GSMN
M_co2,GSMN
M_bhas_24coa,GSMN
M_btn,GSMN
M_cmp,GSMN
M_seln,GSMN
M_apohemeprotein,GSMN
M_5pmev,GSMN
M_bkas_34coa,GSMN
M_ascr_25,GSMN
M_Ssq23epx,GSMN
M_fol,GSMN
M_q9,GSMN
M_bhos_10,GSMN
M_S_Substituted_Glutathione,GSMN
M_galside,GSMN
M_cs_a_deg3,GSMN
M_f1p,GSMN
M_tcynt,GSMN
M_alkylR1oh,GSMN
M_protSfar,GSMN
M_6bppoldm,GSMN
M_dmbala,GSMN
M_cs_hs_linkage,GSMN
M_L2aadp,GSMN
M_tststerone,GSMN
M_lpro,GSMN
M_tdcoa,GSMN
M_dhcrm,GSMN
M_gpail,GSMN
M_pi,GSMN
M_malt,GSMN
M_5HETE,GSMN
M_trnaser,GSMN
M_xol7aone,GSMN
M_q8h2,GSMN
M_g3p,GSMN
M_bhos_32,GSMN
M_bkos_32,GSMN
M_focytb5,GSMN
M_ala_ala_ala,GSMN
M_mi4p_D,GSMN
M_2mp2coa,GSMN
M_coa,GSMN
M_ascr_12,GSMN
M_acald,GSMN
M_glutrna_gln,GSMN
M_em3gacpail,GSMN
M_oscr_32,GSMN
M_oscr_16coa,GSMN
M_5fthf,GSMN
M_s,GSMN
M_20oharach,GSMN
M_cholcoas,GSMN
M_hexdp,GSMN
M_gsn,GSMN
M_taur,GSMN
M_hexccoa,GSMN
M_isogln_L,GSMN
M_n4abutn,GSMN
M_oscr_34coa,GSMN
M_lystrna,GSMN
M_nrpphr,GSMN
M_tyrtrna,GSMN
M_sphgn,GSMN
M_CE2242ACP,GSMN
M_ribflv,GSMN
M_Nlys,GSMN
M_odeccar,GSMN
M_4ppcys,GSMN
M_4izp,GSMN
M_hmgth,GSMN
M_oscr_25coa,GSMN
M_thbpt,GSMN
M_5htrp,GSMN
M_4abz,GSMN
M_pad,GSMN
M_camp,GSMN
M_methamp,GSMN
M_xan,GSMN
M_ascr_1,GSMN
M_ascr_34,GSMN
M_bhas_30,GSMN
M_phospholipid_BAC,GSMN
M_alkgp,GSMN
M_4h2oglt,GSMN
M_mtpp,GSMN
M_cs_pre2,GSMN
M_oscr_10,GSMN
M_doldpglcnacglcnacman_man_manman_manman_manmanmanglcglcglc,GSMN
M_udp,GSMN
M_pe_BAC,GSMN
M_cbasp,GSMN
M_g3pc,GSMN
M_ascr_16coa,GSMN
M_c35rnmp,GSMN
M_pa_tag,GSMN
M_2mop,GSMN
M_spmd,GSMN
M_lthstrone,GSMN
M_arg_L,GSMN
M_fmn,GSMN
M_glyc,GSMN
M_bkas_26,GSMN
M_sucr,GSMN
M_cholcoa,GSMN
M_chtrna,GSMN
M_acrn,GSMN
M_so4,GSMN
M_bkas_16coa,GSMN
M_Ndmelys,GSMN
M_pail345p,GSMN
M_h2s,GSMN
M_isovalACP,GSMN
M_tre6p,GSMN
M_mgacpail,GSMN
M_bkos_22coa,GSMN
M_drib,GSMN
M_MGn,GSMN
M_mmf3f6b,GSMN
M_3metACP,GSMN
M_Ntmelys,GSMN
M_m2mn,GSMN
M_fa16p3n6coa,GSMN
M_pcollg4hpro,GSMN
M_bkos_36coa,GSMN
M_fdp,GSMN
M_osas_1,GSMN
M_bhos_14,GSMN
M_g1m8mpdol,GSMN
M_ascr_29,GSMN
M_urir,GSMN
M_g3m8masn,GSMN
M_ditp,GSMN
M_thbpt4acam,GSMN
M_m7nag2dp,GSMN
M_T_antigen,GSMN
M_stearoyl_acps,GSMN
M_HX,GSMN
M_trptrna,GSMN
M_alkenac2gpe,GSMN
M_ppmi12346p,GSMN
M_prpncoa,GSMN
M_PBP,GSMN
M_bhos_10coa,GSMN
M_tmrs2eACP,GSMN
M_fru,GSMN
M_ade,GSMN
M_acceptor,GSMN
M_MMF6,GSMN
M_pail45p,GSMN
M_cpmp,GSMN
M_bhos_36,GSMN
M_fgam,GSMN
M_retpalm_cis_11,GSMN
M_eicostetcoa,GSMN
M_gullac,GSMN
M_pe,GSMN
M_1mncam,GSMN
M_ametam,GSMN
M_accoa,GSMN
M_donor_h2,GSMN
M_arachdcrn,GSMN
M_5hoxindoa,GSMN
M_pail3p,GSMN
M_leuktrA4,GSMN
M_ascr_16,GSMN
M_4fumacac,GSMN
M_3hlgncACP,GSMN
M_saccrp_L,GSMN
M_ddcaACP,GSMN
M_abt,GSMN
M_man,GSMN
M_glcur,GSMN
M_xylt,GSMN
M_mbas_3,GSMN
M_hexc,GSMN
M_oscr_18coa,GSMN
M_fa15p0iso,GSMN
M_bhos_12coa,GSMN
M_uri,GSMN
M_cbp,GSMN
M_selmeth,GSMN
M_psqldp,GSMN
M_fa9p0isocoa,GSMN
M_cdpchol,GSMN
M_CE2251,GSMN
M_ascr_38,GSMN
M_trdox,GSMN
M_l2xser,GSMN
M_phpyr,GSMN
M_ascr_34coa,GSMN
M_Rtotal2,GSMN
M_paps,GSMN
M_clpn_BAC,GSMN
M_hcys_L,GSMN
M_thymd,GSMN
M_acg3pe,GSMN
M_etfrd,GSMN
M_adprib,GSMN
M_ind3ac,GSMN
M_acgam,GSMN
M_xol27oh,GSMN
M_3oxar,GSMN
M_oscr_23coa,GSMN
M_prot_iaspme,GSMN
M_bhas_22coa,GSMN
M_g6p_A,GSMN
M_thex2eACP,GSMN
M_d7da,GSMN
M_dgtp,GSMN
M_bhos_9coa,GSMN
M_chsterol,GSMN
M_pdx5p,GSMN
M_Rtotal_BAC,GSMN
M_dedol,GSMN
M_bkas_34,GSMN
M_dimp,GSMN
M_mi134p,GSMN
M_polyadprib,GSMN
M_glumet,GSMN
M_ascr_36coa,GSMN
M_chdex,GSMN
M_retpalm,GSMN
M_bhos_18,GSMN
M_alalys,GSMN
M_chito2pdol,GSMN
M_bkos_14,GSMN
M_tn_antigen,GSMN
M_nmp,GSMN
M_3hocoa,GSMN
M_sectrna,GSMN
M_gln_L,GSMN
M_oscr_28,GSMN
M_glyglygly,GSMN
M_cl,GSMN
M_ascr_20coa,GSMN
M_ddcacoa,GSMN
M_hxan,GSMN
M_crmp,GSMN
M_prostgd2,GSMN
M_2mbcoa,GSMN
M_hyptaur,GSMN
M_2pg,GSMN
M_udpgal,GSMN
M_thym,GSMN
M_3hddcoa,GSMN
M_odecoa,GSMN
M_glc1Man9GlcNac2Asn,GSMN
M_pepasp_acgamam,GSMN
M_mmcoa_S,GSMN
M_lphol,GSMN
M_pa_pl,GSMN
M_7thf,GSMN
M_meoh,GSMN
M_3oxmyr,GSMN
M_4abut,GSMN
M_oxa,GSMN
M_vacccoa,GSMN
M_trypta,GSMN
M_bhas_16,GSMN
M_tdec2eACP,GSMN
M_ascr_27coa,GSMN
M_dpcoa,GSMN
M_doldpglcnacglcnacman_man_manmanman,GSMN
M_3hhcoa,GSMN
M_oscr_19,GSMN
M_5mta,GSMN
M_acBgamam,GSMN
M_thmpp,GSMN
M_sertrna,GSMN
M_CE2243,GSMN
M_ahdt,GSMN
M_3odecACP,GSMN
M_gam6p,GSMN
M_bkas_20coa,GSMN
M_adgal,GSMN
M_amp,GSMN
M_fa17c9crn,GSMN
M_mm,GSMN
M_bkos_18coa,GSMN
M_fa16p1n7,GSMN
M_ascr_9,GSMN
M_2obut,GSMN
M_3odcoa,GSMN
M_k,GSMN
M_csn,GSMN
M_ipdp,GSMN
M_acACP,GSMN
M_bhas_38,GSMN
M_Rtotal6,GSMN
M_3oxbcoa,GSMN
M_bkas_36coa,GSMN
M_glyald,GSMN
M_arg_D,GSMN
M_fattyald,GSMN
M_pre_prot,GSMN
M_pydam,GSMN
M_bkos_38coa,GSMN
M_dtpcppr,GSMN
M_adocbi,GSMN
M_6pgl,GSMN
M_fm2masn,GSMN
M_acon_C,GSMN
M_bhos_28coa,GSMN
M_4hphac,GSMN
M_npr4hben,GSMN
M_asntrna,GSMN
M_gpi,GSMN
M_56dthm,GSMN
M_xol25oh,GSMN
M_bkos_1coa,GSMN
M_octanoylACP,GSMN
M_bkas_30,GSMN
M_5hoxindact,GSMN
M_5lglup,GSMN
M_ggdp,GSMN
M_4ppan,GSMN
M_ascr_21,GSMN
M_dgmp,GSMN
M_hdd2eACP,GSMN
M_succoa,GSMN
M_bkos_10,GSMN
M_oscr_14coa,GSMN
M_oscr_24,GSMN
M_inost,GSMN
M_3hddecACP,GSMN
M_adpsug,GSMN
M_oscr_20coa,GSMN
M_5mthf,GSMN
M_20HETE,GSMN
M_cs_d_deg4,GSMN
M_ascr_23coa,GSMN
M_2agpc,GSMN
M_deccar,GSMN
M_gar,GSMN
M_3npdhb_me,GSMN
M_fa16p4n3coa,GSMN
M_oscr_37,GSMN
M_4ogm,GSMN
M_hak2lgchol,GSMN
M_oxdca,GSMN
M_urea,GSMN
M_hydroxybutACP,GSMN
M_balab,GSMN
M_3aib_D,GSMN
M_pmllys,GSMN
M_tropcollgtyrX,GSMN
M_dhmtp,GSMN
M_fa15p0isocrn,GSMN
M_oscr_7coa,GSMN
M_akac2gchol,GSMN
M_pepasn3oh,GSMN
M_bkos_36,GSMN
M_cdpdag,GSMN
M_E,GSMN
M_chol,GSMN
M_Asn_X_Ser_Thr,GSMN
M_mbas_10,GSMN
M_3mob,GSMN
M_ldex,GSMN
M_id3acald,GSMN
M_ttdca,GSMN
M_xylu_L,GSMN
M_m6mpdol,GSMN
M_fa19c11,GSMN
M_long_fatacid,GSMN
M_arachcrn,GSMN
M_1magol,GSMN
M_xol25one,GSMN
M_bhas_12,GSMN
M_oscr_27coa,GSMN
M_tmlys,GSMN
M_adn,GSMN
M_c15isoal,GSMN
M_glc2Man9GlcNac2Asn,GSMN
M_oscr_15,GSMN
M_hoxhccoa,GSMN
M_ascr,GSMN
M_gluside,GSMN
M_ETF_Oxidized,GSMN
M_ascr_5coa,GSMN
M_xoltri25,GSMN
M_retest,GSMN
M_hista,GSMN
M_34dhpac,GSMN
M_pcollg_rest,GSMN
M_nad,GSMN
M_pepasp,GSMN
M_34dhmald,GSMN
M_ficytb5,GSMN
M_bkos_1,GSMN
M_bildglcur,GSMN
M_bhas_26coa,GSMN
M_lcar,GSMN
M_od2coa,GSMN
M_g2m8mpdol,GSMN
M_ascr_30,GSMN
M_ascr_5,GSMN
M_forglu,GSMN
M_bhas_34,GSMN
M_trdrd,GSMN
M_srtn,GSMN
M_etfox,GSMN
M_pcollgpro,GSMN
M_serptrna_sec,GSMN
M_oscr_3coa,GSMN
M_adnr,GSMN
M_ascr_1coa,GSMN
M_m6nag2dp,GSMN
M_ppi,GSMN
M_oscr_37coa,GSMN
M_chttr,GSMN
M_thcholst,GSMN
M_cs_pre1,GSMN
M_cs_a_deg2,GSMN
M_3hpalmACP,GSMN
M_butACP,GSMN
M_gluglu,GSMN
M_ascr_37,GSMN
M_bhas_1coa,GSMN
M_bhos_22,GSMN
M_udp4k6dg,GSMN
M_b2coa,GSMN
M_ascr_13coa,GSMN
M_oscr_20,GSMN
M_lac_L,GSMN
M_pppi,GSMN
M_rib_D,GSMN
M_ppmi1235p,GSMN
M_hLkynr,GSMN
M_4hpro_LT,GSMN
M_ttdcrn,GSMN
M_ascr_29coa,GSMN
M_bkas_22coa,GSMN
M_5adtststerone,GSMN
M_bkas_18,GSMN
M_ak2lgchol,GSMN
M_spc,GSMN
M_retinal_cis_9,GSMN
M_nadp,GSMN
M_dhor_S,GSMN
M_aprut,GSMN
M_thf,GSMN
M_lpchol,GSMN
M_ascr_24,GSMN
M_dpminol,GSMN
M_3dmub,GSMN
M_acser,GSMN
M_25aics,GSMN
M_lnlccoa,GSMN
M_m2mpdol,GSMN
M_vacccrn,GSMN
M_prot_isoasp,GSMN
M_isoacetoACP,GSMN
M_ru5p_D,GSMN
M_ile_L,GSMN
M_frdp,GSMN
M_3oxhcoa,GSMN
M_ascr_21coa,GSMN
M_anth,GSMN
M_man5,GSMN
M_fa17c9coa,GSMN
M_pcollglys,GSMN
M_protein_BAC,GSMN
M_trnamet,GSMN
M_2oxoadp,GSMN
M_m9nag2dp,GSMN
M_glc_aD,GSMN
M_mdadnr,GSMN
M_ibcoa,GSMN
M_dudp,GSMN
M_apocytc,GSMN
M_utp,GSMN
M_hexanoylACP,GSMN
M_dctp,GSMN
M_4mop,GSMN
M_dtmp,GSMN
M_docoscrn,GSMN
M_pchltn,GSMN
M_m5mpdol,GSMN
M_icas_3,GSMN
M_bkas_30coa,GSMN
M_ascr_11,GSMN
M_ascr_37coa,GSMN
M_ca2,GSMN
M_oscr_33,GSMN
M_ascr_31coa,GSMN
M_prostgh2,GSMN
M_rq9,GSMN
M_56dura,GSMN
M_trnathr,GSMN
M_oscr_38coa,GSMN
M_mal_L,GSMN
M_glu_gly_phe,GSMN
M_fald,GSMN
M_3snpyr,GSMN
M_ps,GSMN
M_34dhoxpeg,GSMN
M_gluasp,GSMN
M_leuktrB4,GSMN
M_bkos_24coa,GSMN
M_mn,GSMN
M_xyl_D,GSMN
M_npmoxbq,GSMN
M_cyanala,GSMN
M_ascr_14coa,GSMN
M_bhos_26,GSMN
M_o2s,GSMN
M_ala_L_val_L,GSMN
M_dcytr,GSMN
M_ala_D,GSMN
M_sph1p,GSMN
M_Rtotal3,GSMN
M_pcollg_mod,GSMN
M_bhas_18,GSMN
M_bkas_1coa,GSMN
M_dttp,GSMN
M_methf,GSMN
M_psduri,GSMN
M_bkos_18,GSMN
M_glyb,GSMN
M_lipa_BAC,GSMN
M_bkas_12coa,GSMN
M_trp_L,GSMN
M_3oxbeh,GSMN
M_bkas_14,GSMN
M_3oddecACP,GSMN
M_selhcys,GSMN
M_3dhguln,GSMN
M_glyc_R,GSMN
M_aacoa,GSMN
M_dcmp,GSMN
M_fa19c11crn,GSMN
M_lys_tyr_glu,GSMN
M_5methexACP,GSMN
M_ascr_28,GSMN
M_thrtrna,GSMN
M_npmmoxbq,GSMN
M_arachcoa,GSMN
M_lxhexll,GSMN
M_xylu_D,GSMN
M_2aobut,GSMN
M_cytc_red,GSMN
M_prot_asp,GSMN
M_acg3ps,GSMN
M_mi1346p,GSMN
M_bkas_36,GSMN
M_dca,GSMN
M_fa17p0isocoa,GSMN
M_lxser,GSMN
M_oscr_7,GSMN
M_dopa,GSMN
M_datp,GSMN
M_5thf,GSMN
M_alpa_tag,GSMN
M_leuktrB4woh,GSMN
M_citr_L,GSMN
M_lmyrcar,GSMN
M_bkos_34coa,GSMN
M_oscr_28coa,GSMN
M_argtrna,GSMN
M_2kmb,GSMN
M_peptide,GSMN
M_ascr_15,GSMN
M_icas_7,GSMN
M_hemeo,GSMN
M_acetylACP,GSMN
M_oscr_16,GSMN
M_dgsn,GSMN
M_dnad,GSMN
M_pnto_R,GSMN
M_hxcoa,GSMN
M_ascb_L,GSMN
M_bkas_22,GSMN
M_bkas_9coa,GSMN
M_e4p,GSMN
M_glyc3p,GSMN
M_bhas_26,GSMN
M_cbi,GSMN
M_3butenACP,GSMN
M_hgentis,GSMN
M_phetrna,GSMN
M_glcn,GSMN
M_bhos_30coa,GSMN
M_ppa,GSMN
M_athr_L,GSMN
M_ascr_8,GSMN
M_bkas_32coa,GSMN
M_alkenglyc,GSMN
M_3harachACP,GSMN
M_man1p,GSMN
M_hemeprotein,GSMN
M_Rtotal7,GSMN
M_memgacpail,GSMN
M_cgly,GSMN
M_f6p,GSMN
M_acgal,GSMN
M_ascr_19coa,GSMN
M_mmtsa,GSMN
M_nicrnt,GSMN
M_ag3pc,GSMN
M_g6p_B,GSMN
M_13dpg,GSMN
M_toctd2eACP,GSMN
M_acgpail,GSMN
M_pmtcrn,GSMN
M_7a3o4chlstnt,GSMN
M_icit,GSMN
M_bhas_34coa,GSMN
M_mbala,GSMN
M_3oocoa,GSMN
M_trnaarg,GSMN
M_dkmpp,GSMN
M_dad_5,GSMN
M_mn2,GSMN
M_lac_D,GSMN
M_dhbpt,GSMN
M_CE2253,GSMN
M_pcollg_diS,GSMN
M_fpram,GSMN
M_bkos_26,GSMN
M_fa15p0isocoa,GSMN
M_ppcoa,GSMN
M_ascr_7coa,GSMN
M_gngn,GSMN
M_oscr_15coa,GSMN
M_bhas_14coa,GSMN
M_nlipo_domain,GSMN
M_dhdascb,GSMN
M_1ag3p_SC,GSMN
M_2pglyc,GSMN
M_quln,GSMN
M_xoldiolone,GSMN
M_doldp,GSMN
M_LgluDala,GSMN
M_oscr_29,GSMN
M_ascr_11coa,GSMN
M_sel,GSMN
M_3hhexcACP,GSMN
M_damp,GSMN
M_trnaphe,GSMN
M_pepasp3oh,GSMN
M_3php,GSMN
M_andrstrn,GSMN
M_mmf3f6,GSMN
M_nadh,GSMN
M_oscr_35coa,GSMN
M_glucosyl_glycogenin,GSMN
M_3aib,GSMN
M_em2emgacpail,GSMN
M_for,GSMN
M_gdp,GSMN
M_mercplaccys,GSMN
M_docoscoa,GSMN
M_ohdca,GSMN
M_udpg,GSMN
M_lnlccrn,GSMN
M_mmcoa_R,GSMN
M_adpman,GSMN
M_dolglcp,GSMN
M_lhexcar,GSMN
M_lip_gcvh,GSMN
M_oscr_3,GSMN
M_pail5p,GSMN
M_4aabutn,GSMN
M_Rtotal3coa,GSMN
M_malcoa,GSMN
M_lald_D,GSMN
M_lnlc,GSMN
M_chtn,GSMN
M_prot_scyst,GSMN
M_admnsyl,GSMN
M_dd2coa,GSMN
M_obcar,GSMN
M_betald,GSMN
M_gdpg,GSMN
M_MGnF6,GSMN
M_3aib__D,GSMN
M_fad,GSMN
M_bhas_22,GSMN
M_Sfglutth,GSMN
M_betqu,GSMN
M_bhos_30,GSMN
M_dhpt,GSMN
M_Biomass,GSMN
M_ala_L,GSMN
M_xtsn,GSMN
M_trnaala,GSMN
M_mi1p_D,GSMN
M_5aizc,GSMN
M_mpdol,GSMN
M_dhet,GSMN
M_ascr_33,GSMN
M_gal1p,GSMN
M_protCys,GSMN
M_cs_d_deg3,GSMN
M_oscr_34,GSMN
M_12dag3p,GSMN
M_lys_L,GSMN
M_tsul,GSMN
M_dtt,GSMN
M_h2co3,GSMN
M_5dpmev,GSMN
M_man9GlcNac2Asn,GSMN
M_protrna,GSMN
M_akg,GSMN
M_fatacid,GSMN
M_bkas_18coa,GSMN
M_ficytC,GSMN
M_alatrna,GSMN
M_bhos_26coa,GSMN
M_cysdesase,GSMN
M_man6GlcNac2Asn,GSMN
M_octpam,GSMN
M_dc2coa,GSMN
M_d1d7da,GSMN
M_oscr_9coa,GSMN
M_cytr,GSMN
M_bhos_16coa,GSMN
M_focytC,GSMN
M_bkos_22,GSMN
M_bkas_28coa,GSMN
M_oscr_12,GSMN
M_3meb_lipact,GSMN
M_myrsACP,GSMN
M_mag,GSMN
M_ascr_20,GSMN
M_collg,GSMN
M_glycogen_BAC,GSMN
M_acgam6p,GSMN
M_mi13456p,GSMN
M_aso4,GSMN
M_alkenac2gp,GSMN
M_fru_B,GSMN
M_cinnavalininate,GSMN
M_bhas_9coa,GSMN
M_3oxcer,GSMN
M_doldpglcnacglcnacman_man_manman_manman_manmanman,GSMN
M_hexadecanoylACP,GSMN
M_for_isogln,GSMN
M_oscr_25,GSMN
M_bkas_38coa,GSMN
M_xanate,GSMN
M_gluser,GSMN
M_leu_L,GSMN
M_tropcollgtyr,GSMN
M_PhosphoL,GSMN
M_idp,GSMN
M_xu5p_D,GSMN
M_bhos_36coa,GSMN
M_arachdcoa,GSMN
M_dhap,GSMN
M_oscr_32coa,GSMN
M_ap4a,GSMN
M_protSfarC,GSMN
M_oscr_38,GSMN
M_m5nag2dp,GSMN
M_oscr_12coa,GSMN
M_crboxad,GSMN
M_tropcollg_rest,GSMN
M_6pthp,GSMN
M_cholp,GSMN
M_ura,GSMN
M_c17isocrm,GSMN
M_ttc_ggdp,GSMN
M_oscr_22coa,GSMN
M_trnapro,GSMN
M_ptrc,GSMN
M_astndione,GSMN
M_Rtotal6coa,GSMN
M_3hmrsACP,GSMN
M_psd5p,GSMN
M_3hivcoa,GSMN
