ID	Name	Formula	Chebi	exactmass
M_10fthf	10-formyltetrahydrofolic acid	C20H23N7O7	CHEBI:15637	473.165896076
M_12ppd_R	(R)-propane-1,2-diol	C3H8O2	CHEBI:28972	76.052429496
M_13dpg	3-phospho-D-glyceroyl dihydrogen phosphate	C3H8O10P2	CHEBI:16001	265.959269716
M_1mncam	1-methylnicotinamide	C7H9N2O	CHEBI:16797	137.071487908
M_1p3h5c	(3R,5S)-1-pyrroline-3-hydroxy-5-carboxylic acid	C5H7NO3	CHEBI:6151	129.042593084
M_1pyr5c	(S)-1-pyrroline-5-carboxylic acid	C5H7NO2	CHEBI:371	113.047678464
M_20HETE	20-HETE	C20H32O3	CHEBI:34306	320.235144884
M_20oharach	20-hydroxyicosanoic acid	C20H40O3	CHEBI:79190	328.29774514
M_21ohfa21	21-hydroxyhenicosanoic acid	C21H42O3	CHEBI:79195	342.313395204
M_25aics	SAICAR	C13H19N4O12P	CHEBI:18319	454.073708678
M_2c23dh56dhoxin	leucodopachrome	C9H9NO4	CHEBI:60872	195.053157768
M_2dr1p	2-deoxy-alpha-D-ribose 1-phosphate	C5H11O7P	CHEBI:11563	214.024239322
M_2dr5p	2-deoxy-D-ribose 5-phosphate	C5H11O7P	CHEBI:16132	214.024239322
M_2hb	2-hydroxybutyric acid	C4H8O3	CHEBI:1148	104.047344116
M_2hglut	(S)-2-hydroxyglutaric acid	C5H8O5	CHEBI:32797	148.037173356
M_2hyoxplac	(2-hydroxyphenyl)acetic acid	C8H8O3	CHEBI:28478	152.047344116
M_2kmb	4-methylthio-2-oxobutanoic acid	C5H8O3S	CHEBI:33574	148.019415116
M_2mb2coa	2-methylcrotonoyl-CoA	C26H42N7O17P3S	CHEBI:15478	849.157073774
M_2mbcoa	2-methylbutanoyl-CoA	C26H44N7O17P3S	CHEBI:15477	851.172723838
M_2mop	2-methyl-3-oxopropanoic acid	C4H6O3	CHEBI:16256	102.031694052
M_2mp2coa	methacrylyl-CoA	C25H40N7O17P3S	CHEBI:27754	835.14142371
M_2obut	2-oxobutanoic acid	C4H6O3	CHEBI:30831	102.031694052
M_2oxoadp	2-oxoadipic acid	C6H8O5	CHEBI:15753	160.037173356
M_2pg	2-phospho-D-glyceric acid	C3H7O7P	CHEBI:17835	185.992939194
M_2pglyc	2-phosphoglycolic acid	C2H5O6P	CHEBI:17150	155.98237451
M_2thexd	trans-hexadec-2-enal	C16H30O	CHEBI:17585	238.22966558
M_34dhmald	3,4-dihydroxymandelaldehyde	C8H8O4	CHEBI:27852	168.042258736
M_34dhoxpeg	3,4-dihydroxyphenylethyleneglycol	C8H10O4	CHEBI:1387	170.0579088
M_34dhpac	3,4-dihydroxyphenylacetaldehyde	C8H8O3	CHEBI:27978	152.047344116
M_34dhpha	3,4-dihydroxyphenylacetic acid	C8H8O4	CHEBI:41941	168.042258736
M_34dhphe	L-dopa	C9H11NO4	CHEBI:15765	197.068807832
M_34hpl	3-(4-hydroxyphenyl)lactic acid	C9H10O4	CHEBI:17385	182.0579088
M_34hpp	(4-hydroxyphenyl)pyruvic acid	C9H8O4	CHEBI:15999	180.042258736
M_35cgmp	3',5'-cyclic GMP	C10H12N5O7P	CHEBI:16356	345.047434354
M_35diotyr	3,5-diiodo-L-tyrosine	C9H9I2NO3	CHEBI:15768	432.867189148
M_3aib__D	(R)-3-aminoisobutyric acid	C4H9NO2	CHEBI:16320	103.063328528
M_3aib	(R)-3-aminoisobutyric acid	C4H9NO2	CHEBI:16320	103.063328528
M_3aOHd7da	(25S)-3alpha-hydroxy-5alpha-cholest-7-en-26-oic acid	C27H44O3	CHEBI:83149	416.329045268
M_3dhguln	3-dehydro-L-gulonic acid	C6H10O7	CHEBI:16142	194.04265266
M_3dmub	3-demethylubiquinol-9	C53H82O4	CHEBI:84423	782.621311104
M_3dpminol	3-diphospho-1D-myo-inositol 1,2,4,5,6-pentakisphosphate	C6H19O27P7	CHEBI:62922	739.827701758
M_3dsphgn	3-dehydrosphinganine	C18H37NO2	CHEBI:17862	299.282429424
M_3hanthrn	3-hydroxyanthranilic acid	C7H7NO3	CHEBI:15793	153.042593084
M_3hbcoa	(S)-3-hydroxybutanoyl-CoA	C25H42N7O18P3S	CHEBI:15453	853.151988394
M_3hbcoa_R	(R)-3-hydroxybutanoyl-CoA	C25H42N7O18P3S	CHEBI:15452	853.151988394
M_3hibutcoa	(S)-3-hydroxyisobutyryl-CoA	C25H42N7O18P3S	CHEBI:28259	853.151988394
M_3hivcoa	3-hydroxyisovaleryl-CoA	C26H44N7O18P3S	CHEBI:28291	867.167638458
M_3hmbcoa	(2S,3S)-3-hydroxy-2-methylbutanoyl-CoA	C26H44N7O18P3S	CHEBI:15449	867.167638458
M_3hmp	3-hydroxyisobutyric acid	C4H8O3	CHEBI:18064	104.047344116
M_3hpcoa	3-hydroxypropanoyl-CoA	C24H40N7O18P3S	CHEBI:27762	839.13633833
M_3hpp	3-hydroxypropionic acid	C3H6O3	CHEBI:33404	90.031694052
M_3htmelys	3-hydroxy-N(6),N(6),N(6)-trimethyl-L-lysine	C9H21N2O3	CHEBI:15786	205.155217532
M_3mb2coa	3-methylbut-2-enoyl-CoA	C26H42N7O17P3S	CHEBI:15486	849.157073774
M_3mgcoa	trans-3-methylglutaconyl-CoA	C27H42N7O19P3S	CHEBI:15488	893.146903014
M_3mlda	1-methyl-4-imidazoleacetic acid	C6H8N2O2	CHEBI:1606	140.058577496
M_3mob	3-methyl-2-oxobutanoic acid	C5H8O3	CHEBI:16530	116.047344116
M_3mop	(S)-3-methyl-2-oxovaleric acid	C6H10O3	CHEBI:15614	130.06299418
M_3npdhb	3-nonaprenyl-4,5-dihydroxybenzoic acid	C52H78O4	CHEBI:62788	766.590010976
M_me3dhnpdh	3-nonaprenyl-4-hydroxy-5-methoxybenzoic acid	C53H80O4	CHEBI:62790	780.60566104
M_3nphb	4-hydroxy-3-all-trans-nonaprenylbenzoic acid	C52H78O3	CHEBI:84501	750.595096356
M_3padsel	3'-phosphoadenylyl selenate	C10H11N5O13P2Se	CHEBI:28450	550.899379972
M_3pg	3-phospho-D-glyceric acid	C3H7O7P	CHEBI:17794	185.992939194
M_3php	3-phosphonooxypyruvic acid	C3H5O7P	CHEBI:30933	183.97728913
M_3sala	3-sulfino-L-alanine	C3H7NO4S	CHEBI:16345	153.009578704
M_3snpyr	3-sulfinylpyruvic acid	C3H4O5S	CHEBI:1665	151.977944228
M_3spyr	3-sulfopyruvic acid	C3H4O6S	CHEBI:16894	167.972858848
M_3uib	3-ureidoisobutyric acid	C5H10N2O3	CHEBI:1670	146.06914218
M_4aabutn	4-acetamidobutanoic acid	C6H11NO3	CHEBI:17645	145.073893212
M_4abut	gamma-aminobutyric acid	C4H9NO2	CHEBI:16865	103.063328528
M_4abz	4-aminobenzoic acid	C7H7NO2	CHEBI:30753	137.047678464
M_4aphdob	4-(2-aminophenyl)-2,4-dioxobutanoic acid	C10H9NO4	CHEBI:17442	207.053157768
M_4cmcoa	4-coumaroyl-CoA	C30H42N7O18P3S	CHEBI:15499	913.151988394
M_4fumacac	4-fumarylacetoacetic acid	C8H8O6	CHEBI:47904	200.032087976
M_4h2oglt	4-hydroxy-2-oxoglutaric acid	C5H6O6	CHEBI:30923	162.016437912
M_4hbz	4-hydroxybenzoic acid	C7H6O3	CHEBI:30763	138.031694052
M_4hbzcoa	4-hydroxybenzoyl-CoA	C28H40N7O18P3S	CHEBI:15500	887.13633833
M_4hglusa	L-4-hydroxyglutamic semialdehyde	C5H9NO4	CHEBI:27809	147.053157768
M_4hoxpacd	(4-hydroxyphenyl)acetaldehyde	C8H8O2	CHEBI:15621	136.052429496
M_4hphac	4-hydroxyphenylacetic acid	C8H8O3	CHEBI:18101	152.047344116
M_4hpro_LT	trans-4-hydroxy-L-proline	C5H9NO3	CHEBI:58375	131.058243148
M_4izp	3-(4-oxo-4,5-dihydro-1H-imidazol-5-yl)propanoic acid	C6H8N2O3	CHEBI:27384	156.053492116
M_4mlacac	4-maleylacetoacetic acid	C8H8O6	CHEBI:47904	200.032087976
M_4mop	4-methyl-2-oxopentanoic acid	C6H10O3	CHEBI:48430	130.06299418
M_4ogm	4-oxoglutaramic acid	C5H7NO4	CHEBI:30883	145.037507704
M_4ppan	(R)-4'-phosphopantothenic acid	C9H18NO8P	CHEBI:15905	299.077003166
M_4ppcys	N-[(R)-4-phosphopantothenoyl]-L-cysteine	C12H23N2O9PS	CHEBI:15769	402.086187946
M_4tmeabut	4-trimethylammoniobutanal	C7H16NO	CHEBI:18020	130.123189132
M_4tmeabutn	4-(trimethylammonio)butanoate	C7H15NO2	CHEBI:16244	145.11027872
M_56dthm	5,6-dihydrothymine	C5H8N2O2	CHEBI:27468	128.058577496
M_56dura	5,6-dihydrouracil	C4H6N2O2	CHEBI:15901	114.042927432
M_5adtststerone	17beta-hydroxy-5alpha-androstan-3-one	C19H30O2	CHEBI:16330	290.2245802
M_5aizc	5-amino-1-(5-phospho-D-ribosyl)imidazole-4-carboxylic acid	C9H14N3O9P	CHEBI:28413	339.046765658
M_5dpmev	(R)-5-diphosphomevalonic acid	C6H14O10P2	CHEBI:15899	308.006219908
M_5g2oxpt	2-Oxoarginine	C6H11N3O3	CHEBI:28116	173.080041212
M_5HETE	5(S)-HETE	C20H32O3	CHEBI:28209	320.235144884
M_5hoxindact	(5-hydroxyindol-3-yl)acetaldehyde	C10H9NO2	CHEBI:50157	175.063328528
M_5hoxindoa	(5-hydroxyindol-3-yl)acetic acid	C10H9NO3	CHEBI:27823	191.058243148
M_5HPET	5(S)-HPETE	C20H32O4	CHEBI:15632	336.230059504
M_5htrp	5-hydroxytryptophan	C11H12N2O3	CHEBI:28171	220.084792244
M_5mdr1p	S-methyl-5-thio-alpha-D-ribose 1-phosphate	C6H13O7PS	CHEBI:27859	260.011960386
M_5mdru1p	S-methyl-5-thio-D-ribulose 1-phosphate	CHEBI:28096	CHEBI:28096	150.921603432
M_5mta	5'-S-methyl-5'-thioadenosine	C11H15N5O3S	CHEBI:17509	297.08956034
M_5mthf	5-methyltetrahydrofolic acid	C20H25N7O6	CHEBI:15641	459.18663152
M_5oxpro	5-oxoproline	C5H7NO3	CHEBI:16010	129.042593084
M_5pmev	(R)-5-phosphomevalonic acid	C6H13O7P	CHEBI:17436	228.039889386
M_5thf	pentaglutamyl folate	C39H47N11O18	CHEBI:140748	957.310053664
M_6bppoldm	1,5-bis(diphospho)-1D-myo-inositol 2,3,4,6-tetrakisphosphate	C6H20O30P8	CHEBI:77983	819.79403228
M_6pgc	6-phospho-D-gluconic acid	C6H13O10P	CHEBI:48928	276.024633246
M_6pgl	6-O-phosphono-D-glucono-1,5-lactone	C6H11O9P	CHEBI:16938	258.014068562
M_6pthp	dyspropterin	C9H11N5O3	CHEBI:17804	237.086189212
M_7a3o4chlstnt	7alpha-hydroxy-3-oxo-4-cholestenoic acid	C27H42O4	CHEBI:83036	430.308309824
M_7dhchsterol	7-dehydrocholesterol	C27H44O	CHEBI:17759	384.339216028
M_7thf	Heptaglutamyl folic acid	C54H68N14O27	CHEBI:89846	1344.437832916
M_8bppoldm	3,5-bis(diphospho)-1D-myo-inositol 1,2,4,6-tetrakisphosphate	C6H20O30P8	CHEBI:62924	819.79403228
M_aacoa	acetoacetyl-CoA	C25H40N7O18P3S	CHEBI:15345	851.13633833
M_aact	aminoacetone	C3H7NO	CHEBI:17906	73.052763844
M_abt	L-arabinitol	C5H12O5	CHEBI:18403	152.068473484
M_ac	acetic acid	C2H4O2	CHEBI:15366	60.021129368
M_acac	acetoacetic acid	C4H6O3	CHEBI:15344	102.031694052
M_acald	acetaldehyde	C2H4O	CHEBI:15343	44.026214748
M_acBgamam	N-acetyl-beta-D-glucosaminylamine	C8H16N2O5	CHEBI:15947	220.105921612
M_acBgamamAsn	N(4)-(beta-N-acetyl-D-glucosaminyl)-L-asparagine	C12H21N3O8	CHEBI:17261	335.132864632
M_accoa	acetyl-CoA	C23H38N7O17P3S	CHEBI:15351	809.125773646
M_acgal	N-acetyl-D-galactosamine	C8H15NO6	CHEBI:28037	221.0899372
M_acgam	N-acetyl-beta-D-glucosamine	C8H15NO6	CHEBI:28009	221.0899372
M_acgam1p	N-acetyl-D-glucosamine 1-phosphate	C8H16NO9P	CHEBI:50565	301.056267722
M_acgam6p	N-acetyl-D-glucosamine 6-phosphate	C8H16NO9P	CHEBI:15784	301.056267722
M_ach	acetylcholine	C7H16NO2	CHEBI:15355	146.118103752
M_acon_C	cis-aconitic acid	C6H6O6	CHEBI:32805	174.016437912
M_acorn	N(2)-acetyl-L-ornithine	C7H14N2O3	CHEBI:57805	174.100442308
M_acrn	O-Acetyl-L-carnitine	C9H17NO4	CHEBI:57589	203.115758024
M_acser	O-acetyl-L-serine	C5H9NO4	CHEBI:17981	147.053157768
M_ade	adenine	C5H5N5	CHEBI:16708	135.05449516
M_adgal	alpha-D-galactose	C6H12O6	CHEBI:28260	180.063388104
M_adn	adenosine	C10H13N5O4	CHEBI:16335	267.096753896
M_adocbi	adenosylcobinamide	C58H84CoN16O11	CHEBI:2480	1239.583742508
M_adocbl	Adenosylcobalamin	C72H100CoN18O17P	CHEBI:18408	1578.65834037
M_adp	ADP	C10H15N5O10P2	CHEBI:16761	427.02941494
M_adpglc	ADP alpha-D-glucoside	C16H25N5O15P2	CHEBI:15751	589.08223836
M_adpman	ADP-alpha-D-mannose	C16H25N5O15P2	CHEBI:28845	589.08223836
M_adprib	ADP-D-ribose	C15H23N5O14P2	CHEBI:16960	559.071673676
M_adsel	adenylyl selenate	C10H14N5O10PSe	CHEBI:2485	474.964349578
M_ahcys	S-adenosyl-L-homocysteine	C14H20N6O5S	CHEBI:16680	384.12158874
M_ahdt	7,8-dihydroneopterin 3'-triphosphate	C9H16N5O13P3	CHEBI:18372	494.995745462
M_aicar	AICA ribonucleotide	C9H15N4O8P	CHEBI:18406	338.06275007
M_air	5-amino-1-(5-phospho-beta-D-ribosyl)imidazole	C8H14N3O7P	CHEBI:138560	295.056936418
M_akg	2-oxoglutaric acid	C5H6O5	CHEBI:30915	146.021523292
M_akgm	2-oxoglutaramic acid	C5H7NO4	CHEBI:30882	145.037507704
M_ala__D	D-alanine	C3H7NO2	CHEBI:15570	89.047678464
M_ala__L	L-alanine	C3H7NO2	CHEBI:16977	89.047678464
M_ala_ala_ala	Ala-Ala-Ala	C9H17N3O4	CHEBI:73313	231.121906024
M_ala_B	beta-alanine	C3H7NO2	CHEBI:16958	89.047678464
M_ala_L_val__L	Ala-Val	C8H16N2O3	CHEBI:73809	188.116092372
M_am6sa	2-aminomuconic 6-semialdehyde	C6H7NO3	CHEBI:15745	141.042593084
M_amchb	4alpha-methyl-5alpha-cholest-8(14)-en-3beta-ol	C28H48O	CHEBI:71581	400.370516156
M_amet	S-adenosyl-L-methioninate	C15H22N6O5S	CHEBI:67040	398.137238804
M_ametam	S-adenosylmethioninamine	C14H23N6O3S	CHEBI:15625	355.155234596
M_amp	adenosine 5'-monophosphate	C10H14N5O7P	CHEBI:16027	347.063084418
M_amuco	2-aminomuconic acid	C6H7NO4	CHEBI:16886	157.037507704
M_andrstrn	androsterone	C19H30O2	CHEBI:16032	290.2245802
M_andrstrnglc	androsterone 3-glucosiduronic acid	C25H38O8	CHEBI:28832	466.256668176
M_anth	anthranilic acid	C7H7NO2	CHEBI:30754	137.047678464
M_ap4a	P(1),P(4)-bis(5'-adenosyl) tetraphosphate	C20H28N10O19P4	CHEBI:17422	836.048265196
M_aprop	alpha-aminopropionitrile	C3H6N2	CHEBI:27959	70.053098192
M_aprut	N-acetylputrescine	C6H14N2O	CHEBI:17768	130.110613068
M_aps	5'-adenylyl sulfate	C10H14N5O10PS	CHEBI:17709	427.019899278
M_arab__L	aldehydo-L-arabinose	C5H10O5	CHEBI:6182	150.05282342
M_arg__D	D-arginine	C6H14N4O2	CHEBI:15816	174.111675688
M_arg__L	L-arginine	C6H14N4O2	CHEBI:32682	174.111675688
M_ascb__L	L-ascorbic acid	C6H8O6	CHEBI:29073	176.032087976
M_ascr_1	ascr#1	C13H24O6	CHEBI:78786	276.157288488
M_ascr_10	ascr#10	C15H28O6	CHEBI:78838	304.188588616
M_ascr_10coa	ascr#10-CoA	C36H62N7O21P3S	CHEBI:139616	1053.293232894
M_ascr_11	ascr#11	C10H18O6	CHEBI:78743	234.110338296
M_ascr_11coa	ascr#11-CoA	C31H52N7O21P3S	CHEBI:139619	983.214982574
M_ascr_12	ascr#12	C12H22O6	CHEBI:78841	262.141638424
M_ascr_12coa	ascr#12-CoA	C33H56N7O21P3S	CHEBI:139622	1011.246282702
M_ascr_13	ascr#13	C14H24O6	CHEBI:78851	288.157288488
M_ascr_13coa	ascr#13-CoA	C35H58N7O21P3S	CHEBI:139625	1037.261932766
M_ascr_14	ascr#14	C14H26O6	CHEBI:78905	290.172938552
M_ascr_14coa	ascr#14-CoA	C35H60N7O21P3S	CHEBI:139628	1039.27758283
M_ascr_15	ascr#15	C16H28O6	CHEBI:78852	316.188588616
M_ascr_15coa	ascr#15-CoA	C37H62N7O21P3S	CHEBI:139631	1065.293232894
M_ascr_16	ascr#16	C16H30O6	CHEBI:78950	318.20423868
M_ascr_16coa	ascr#16-CoA	C37H64N7O21P3S	CHEBI:139634	1067.308882958
M_ascr_17	ascr#17	C17H30O6	CHEBI:78952	330.20423868
M_ascr_17coa	ascr#17-CoA	C38H64N7O21P3S	CHEBI:139637	1079.308882958
M_ascr_18	ascr#18	C17H32O6	CHEBI:78955	332.219888744
M_ascr_18coa	ascr#18-CoA	C38H66N7O21P3S	CHEBI:139640	1081.324533022
M_ascr_19	ascr#19	C18H32O6	CHEBI:78957	344.219888744
M_ascr_19coa	ascr#19-CoA	C39H66N7O21P3S	CHEBI:139643	1093.324533022
M_ascr_1coa	ascr#1-CoA	C34H58N7O21P3S	CHEBI:139645	1025.261932766
M_ascr_2	ascr#2	C12H22O5	CHEBI:78812	246.146723804
M_ascr_20	ascr#20	C18H34O6	CHEBI:78958	346.235538808
M_ascr_20coa	ascr#20-CoA	C39H68N7O21P3S	CHEBI:139648	1095.340183086
M_ascr_21	ascr#21	C19H34O6	CHEBI:78959	358.235538808
M_ascr_21coa	ascr#21-CoA	C40H68N7O21P3S	CHEBI:139651	1107.340183086
M_ascr_22	ascr#22	C19H36O6	CHEBI:78960	360.251188872
M_ascr_22coa	ascr#22-CoA	C40H70N7O21P3S	CHEBI:139654	1109.35583315
M_ascr_23	ascr#23	C20H36O6	CHEBI:78961	372.251188872
M_ascr_23coa	ascr#23-CoA	C41H70N7O21P3S	CHEBI:139657	1121.35583315
M_ascr_24	ascr#24	C20H38O6	CHEBI:78962	374.266838936
M_ascr_24coa	ascr#24-CoA	C41H72N7O21P3S	CHEBI:139660	1123.371483214
M_ascr_25	ascr#25	C21H38O6	CHEBI:78963	386.266838936
M_ascr_25coa	ascr#25-CoA	C42H72N7O21P3S	CHEBI:139663	1135.371483214
M_ascr_26	ascr#26	C21H40O6	CHEBI:78964	388.282489
M_ascr_26coa	ascr#26-CoA	C42H74N7O21P3S	CHEBI:139666	1137.387133278
M_ascr_27	ascr#27	C22H40O6	CHEBI:78965	400.282489
M_ascr_27coa	ascr#27-CoA	C43H74N7O21P3S	CHEBI:139669	1149.387133278
M_ascr_28	ascr#28	C22H42O6	CHEBI:78966	402.298139064
M_ascr_28coa	ascr#28-CoA	C43H76N7O21P3S	CHEBI:139672	1151.402783342
M_ascr_29	ascr#29	C23H42O6	CHEBI:78967	414.298139064
M_ascr_29coa	ascr#29-CoA	C44H76N7O21P3S	CHEBI:139675	1163.402783342
M_ascr_3	ascr#3	C15H26O6	CHEBI:78821	302.172938552
M_ascr_30	ascr#30	C23H44O6	CHEBI:78968	416.313789128
M_ascr_30coa	ascr#30-CoA	C44H78N7O21P3S	CHEBI:139679	1165.418433406
M_ascr_31	ascr#31	C24H44O6	CHEBI:78969	428.313789128
M_ascr_31coa	ascr#31-CoA	C45H78N7O21P3S	CHEBI:139682	1177.418433406
M_ascr_32	ascr#32	C24H46O6	CHEBI:78970	430.329439192
M_ascr_32coa	ascr#32-CoA	C45H80N7O21P3S	CHEBI:139685	1179.43408347
M_ascr_33	ascr#33	C25H46O6	CHEBI:78971	442.329439192
M_ascr_33coa	ascr#33-CoA	C46H80N7O21P3S	CHEBI:139688	1191.43408347
M_ascr_34	ascr#34	C25H48O6	CHEBI:78972	444.345089256
M_ascr_34coa	ascr#34-CoA	C46H82N7O21P3S	CHEBI:139691	1193.449733534
M_ascr_35	ascr#35	C26H48O6	CHEBI:78973	456.345089256
M_ascr_35coa	ascr#35-CoA	C47H82N7O21P3S	CHEBI:139694	1205.449733534
M_ascr_36	ascr#36	C26H50O6	CHEBI:78974	458.36073932
M_ascr_36coa	ascr#36-CoA	C47H84N7O21P3S	CHEBI:139697	1207.465383598
M_ascr_37	ascr#37	C27H50O6	CHEBI:78975	470.36073932
M_ascr_37coa	ascr#37-CoA	C48H84N7O21P3S	CHEBI:139700	1219.465383598
M_ascr_38	ascr#38	C27H52O6	CHEBI:78976	472.376389384
M_ascr_38coa	ascr#38-CoA	C48H86N7O21P3S	CHEBI:139703	1221.481033662
M_ascr_3coa	ascr#3-CoA	C36H60N7O21P3S	CHEBI:139705	1051.27758283
M_ascr_5	ascr#5	C9H16O6	CHEBI:78829	220.094688232
M_ascr_5coa	ascr#5-CoA	C30H50N7O21P3S	CHEBI:139708	969.19933251
M_ascr_7	ascr#7	C13H22O6	CHEBI:78830	274.141638424
M_ascr_7coa	ascr#7-CoA	C34H56N7O21P3S	CHEBI:139711	1023.246282702
M_ascr_8	ascr#8	C20H27NO7	CHEBI:78834	393.178752204
M_ascr_9	ascr#9	C11H20O6	CHEBI:79018	248.12598836
M_ascr_9coa	ascr#9-CoA	C32H54N7O21P3S	CHEBI:139715	997.230632638
M_ascr	ascarylopyranose	C6H12O4	CHEBI:78771	148.073558864
M_asehcys	L-adenosylselenohomocysteine	C14H20N6O5Se	CHEBI:77028	432.06603904
M_asn__L	L-asparagine	C4H8N2O3	CHEBI:17196	132.053492116
M_aso3	arsenous acid	AsH3O3	CHEBI:49900	125.929815456
M_aso4	arsenic acid	AsH3O4	CHEBI:18231	141.924730076
M_asp__D	D-aspartic acid	C4H7NO4	CHEBI:17364	133.037507704
M_asp__L	L-aspartic acid	C4H7NO4	CHEBI:17053	133.037507704
M_astndione	androst-5-ene-3,17-dione	C19H26O2	CHEBI:83865	286.193280072
M_athr__L	L-allothreonine	C4H9NO3	CHEBI:28718	119.058243148
M_atp	ATP	C10H16N5O13P3	CHEBI:15422	506.995745462
M_b2coa	crotonoyl-CoA	C25H40N7O17P3S	CHEBI:15473	835.14142371
M_balab	beta-alanine betaine	C6H13NO2	CHEBI:28825	131.094628656
M_betald	Betaine aldehyde	C5H12NO	CHEBI:15710	102.091889004
M_betnd	betanidin	C18H16N2O8	CHEBI:3079	388.090665472
M_betqu	betanidin quinone	C18H14N2O8	CHEBI:133394	386.075015408
M_bhas_1	bhas#1	C13H24O7	CHEBI:139717	292.152203108
M_bhas_10	bhas#10	C15H28O7	CHEBI:79223	320.183503236
M_bhas_10coa	bhas#10-CoA	C36H62N7O22P3S	CHEBI:139720	1069.288147514
M_bhas_12	bhas#12	C12H22O7	CHEBI:139722	278.136553044
M_bhas_12coa	bhas#12-CoA	C33H56N7O22P3S	CHEBI:139724	1027.241197322
M_bhas_14	bhas#14	C14H26O7	CHEBI:139726	306.167853172
M_bhas_14coa	bhas#14-CoA	C35H60N7O22P3S	CHEBI:139728	1055.27249745
M_bhas_16	bhas#16	C16H30O7	CHEBI:79227	334.1991533
M_bhas_16coa	bhas#16-CoA	C37H64N7O22P3S	CHEBI:139731	1083.303797578
M_bhas_18	bhas#18	C17H32O7	CHEBI:79229	348.214803364
M_bhas_18coa	bhas#18-CoA	C38H66N7O22P3S	CHEBI:139734	1097.319447642
M_bhas_1coa	bhas#1-CoA	C34H58N7O22P3S	CHEBI:139736	1041.256847386
M_bhas_20	bhas#20	C18H34O7	CHEBI:79230	362.230453428
M_bhas_20coa	bhas#20-CoA	C39H68N7O22P3S	CHEBI:139739	1111.335097706
M_bhas_22	bhas#22	C19H36O7	CHEBI:79231	376.246103492
M_bhas_22coa	bhas#22-CoA	C40H70N7O22P3S	CHEBI:139742	1125.35074777
M_bhas_24	bhas#24	C20H38O7	CHEBI:79232	390.261753556
M_bhas_24coa	bhas#24-CoA	C41H72N7O22P3S	CHEBI:139745	1139.366397834
M_bhas_26	bhas#26	C21H40O7	CHEBI:79233	404.27740362
M_bhas_26coa	bhas#26-CoA	C42H74N7O22P3S	CHEBI:139748	1153.382047898
M_bhas_28	bhas#28	C22H42O7	CHEBI:79234	418.293053684
M_bhas_28coa	bhas#28-CoA	C43H76N7O22P3S	CHEBI:139751	1167.397697962
M_bhas_30	bhas#30	C23H44O7	CHEBI:79235	432.308703748
M_bhas_30coa	bhas#30-CoA	C44H78N7O22P3S	CHEBI:139754	1181.413348026
M_bhas_32	bhas#32	C24H46O7	CHEBI:79236	446.324353812
M_bhas_32coa	bhas#32-CoA	C45H80N7O22P3S	CHEBI:139757	1195.42899809
M_bhas_34	bhas#34	C25H48O7	CHEBI:79237	460.340003876
M_bhas_34coa	bhas#34-CoA	C46H82N7O22P3S	CHEBI:139760	1209.444648154
M_bhas_36	bhas#36	C26H50O7	CHEBI:79238	474.35565394
M_bhas_36coa	bhas#36-CoA	C47H84N7O22P3S	CHEBI:139763	1223.460298218
M_bhas_38	bhas#38	C27H52O7	CHEBI:79239	488.371304004
M_bhas_38coa	bhas#38-CoA	C48H86N7O22P3S	CHEBI:139766	1237.475948282
M_bhas_9	bhas#9	C11H20O7	CHEBI:139768	264.12090298
M_bhas_9coa	bhas#9-CoA	C32H54N7O22P3S	CHEBI:139770	1013.225547258
M_bhos_1	bhos#1	C13H24O7	CHEBI:139772	292.152203108
M_bhos_10	bhos#10	C15H28O7	CHEBI:79256	320.183503236
M_bhos_10coa	bhos#10-CoA	C36H62N7O22P3S	CHEBI:139775	1069.288147514
M_bhos_12	bhos#12	C12H22O7	CHEBI:139777	278.136553044
M_bhos_12coa	bhos#12-CoA	C33H56N7O22P3S	CHEBI:139779	1027.241197322
M_bhos_14	bhos#14	C14H26O7	CHEBI:139781	306.167853172
M_bhos_14coa	bhos#14-CoA	C35H60N7O22P3S	CHEBI:139783	1055.27249745
M_bhos_16	bhos#16	C16H30O7	CHEBI:79258	334.1991533
M_bhos_16coa	bhos#16-CoA	C37H64N7O22P3S	CHEBI:139786	1083.303797578
M_bhos_18	bhos#18	C17H32O7	CHEBI:79259	348.214803364
M_bhos_18coa	bhos#18-CoA	C38H66N7O22P3S	CHEBI:139789	1097.319447642
M_bhos_1coa	bhos#1-CoA	C34H58N7O22P3S	CHEBI:139791	1041.256847386
M_bhos_20	bhos#20	C18H34O7	CHEBI:79260	362.230453428
M_bhos_20coa	bhos#20-CoA	C39H68N7O22P3S	CHEBI:139794	1111.335097706
M_bhos_22	bhos#22	C19H36O7	CHEBI:79261	376.246103492
M_bhos_22coa	bhos#22-CoA	C40H70N7O22P3S	CHEBI:139797	1125.35074777
M_bhos_24	bhos#24	C20H38O7	CHEBI:79262	390.261753556
M_bhos_24coa	bhos#24-CoA	C41H72N7O22P3S	CHEBI:139800	1139.366397834
M_bhos_26	bhos#26	C21H40O7	CHEBI:79263	404.27740362
M_bhos_26coa	bhos#26-CoA	C42H74N7O22P3S	CHEBI:139803	1153.382047898
M_bhos_28	bhos#28	C22H42O7	CHEBI:79264	418.293053684
M_bhos_28coa	bhos#28-CoA	C43H76N7O22P3S	CHEBI:139806	1167.397697962
M_bhos_30	bhos#30	C23H44O7	CHEBI:79265	432.308703748
M_bhos_30coa	bhos#30-CoA	C44H78N7O22P3S	CHEBI:139809	1181.413348026
M_bhos_32	bhos#32	C24H46O7	CHEBI:79266	446.324353812
M_bhos_32coa	bhos#32-CoA	C45H80N7O22P3S	CHEBI:139812	1195.42899809
M_bhos_34	bhos#34	C25H48O7	CHEBI:79267	460.340003876
M_bhos_34coa	bhos#34-CoA	C46H82N7O22P3S	CHEBI:139815	1209.444648154
M_bhos_36	bhos#36	C26H50O7	CHEBI:79268	474.35565394
M_bhos_36coa	bhos#36-CoA	C47H84N7O22P3S	CHEBI:139818	1223.460298218
M_bhos_38	bhos#38	C27H52O7	CHEBI:79269	488.371304004
M_bhos_38coa	bhos#38-CoA	C48H86N7O22P3S	CHEBI:139821	1237.475948282
M_bhos_9coa	bhos#9-CoA	C32H54N7O22P3S	CHEBI:139825	1013.225547258
M_bilirub	bilirubin	C33H36N4O6	CHEBI:72719	584.263484872
M_bkas_1	bkas#1	C13H22O7	CHEBI:139827	290.136553044
M_bkas_10	bkas#10	C15H26O7	CHEBI:139829	318.167853172
M_bkas_10coa	bkas#10-CoA	C36H60N7O22P3S	CHEBI:139831	1067.27249745
M_bkas_12	bkas#12	C12H20O7	CHEBI:139833	276.12090298
M_bkas_12coa	bkas#12-CoA	C33H54N7O22P3S	CHEBI:139835	1025.225547258
M_bkas_14	bkas#14	C14H24O7	CHEBI:139837	304.152203108
M_bkas_14coa	bkas#14-CoA	C35H58N7O22P3S	CHEBI:139839	1053.256847386
M_bkas_16	bkas#16	C16H28O7	CHEBI:139841	332.183503236
M_bkas_16coa	bkas#16-CoA	C37H62N7O22P3S	CHEBI:139843	1081.288147514
M_bkas_18	bkas#18	C17H30O7	CHEBI:139845	346.1991533
M_bkas_18coa	bkas#18-CoA	C38H64N7O22P3S	CHEBI:139847	1095.303797578
M_bkas_1coa	bkas#1-CoA	C34H56N7O22P3S	CHEBI:139849	1039.241197322
M_bkas_20	bkas#20	C18H32O7	CHEBI:139851	360.214803364
M_bkas_20coa	bkas#20-CoA	C39H66N7O22P3S	CHEBI:139853	1109.319447642
M_bkas_22	bkas#22	C19H34O7	CHEBI:139855	374.230453428
M_bkas_22coa	bkas#22-CoA	C40H68N7O22P3S	CHEBI:139858	1123.335097706
M_bkas_24	bkas#24	C20H36O7	CHEBI:139860	388.246103492
M_bkas_24coa	bkas#24-CoA	C41H70N7O22P3S	CHEBI:139862	1137.35074777
M_bkas_26	bkas#26	C21H38O7	CHEBI:139864	402.261753556
M_bkas_26coa	bkas#26-CoA	C42H72N7O22P3S	CHEBI:139866	1151.366397834
M_bkas_28	bkas#28	C22H40O7	CHEBI:139868	416.27740362
M_bkas_28coa	bkas#28-CoA	C43H74N7O22P3S	CHEBI:139870	1165.382047898
M_bkas_30	bkas#30	C23H42O7	CHEBI:139872	430.293053684
M_bkas_30coa	bkas#30-CoA	C44H76N7O22P3S	CHEBI:139874	1179.397697962
M_bkas_32	bkas#32	C24H44O7	CHEBI:139876	444.308703748
M_bkas_32coa	bkas#32-CoA	C45H78N7O22P3S	CHEBI:139878	1193.413348026
M_bkas_34	bkas#34	C25H46O7	CHEBI:139880	458.324353812
M_bkas_34coa	bkas#34-CoA	C46H80N7O22P3S	CHEBI:139882	1207.42899809
M_bkas_36	bkas#36	C26H48O7	CHEBI:139884	472.340003876
M_bkas_36coa	bkas#36-CoA	C47H82N7O22P3S	CHEBI:139886	1221.444648154
M_bkas_38	bkas#38	C27H50O7	CHEBI:139888	486.35565394
M_bkas_38coa	bkas#38-CoA	C48H84N7O22P3S	CHEBI:139890	1235.460298218
M_bkas_9	bkas#9	C11H18O7	CHEBI:139892	262.105252916
M_bkas_9coa	bkas#9-CoA	C32H52N7O22P3S	CHEBI:139894	1011.209897194
M_bkos_1	bkos#1	C13H22O7	CHEBI:139896	290.136553044
M_bkos_10	bkos#10	C15H26O7	CHEBI:139898	318.167853172
M_bkos_10coa	bkos#10-CoA	C36H60N7O22P3S	CHEBI:139900	1067.27249745
M_bkos_12	bkos#12	C12H20O7	CHEBI:139902	276.12090298
M_bkos_12coa	bkos#12-CoA	C33H54N7O22P3S	CHEBI:139904	1025.225547258
M_bkos_14	bkos#14	C14H24O7	CHEBI:139906	304.152203108
M_bkos_14coa	bkos#14-CoA	C35H58N7O22P3S	CHEBI:139908	1053.256847386
M_bkos_16	bkos#16	C16H28O7	CHEBI:139910	332.183503236
M_bkos_16coa	bkos#16-CoA	C37H62N7O22P3S	CHEBI:139912	1081.288147514
M_bkos_18	bkos#18	C17H30O7	CHEBI:139914	346.1991533
M_bkos_18coa	bkos#18-CoA	C38H64N7O22P3S	CHEBI:139916	1095.303797578
M_bkos_1coa	bkos#1-CoA	C34H56N7O22P3S	CHEBI:139918	1039.241197322
M_bkos_20	bkos#20	C18H32O7	CHEBI:139920	360.214803364
M_bkos_20coa	bkos#20-CoA	C39H66N7O22P3S	CHEBI:139922	1109.319447642
M_bkos_22	bkos#22	C19H34O7	CHEBI:139924	374.230453428
M_bkos_22coa	bkos#22-CoA	C40H68N7O22P3S	CHEBI:139926	1123.335097706
M_bkos_24	bkos#24	C20H36O7	CHEBI:139928	388.246103492
M_bkos_24coa	bkos#24-CoA	C41H70N7O22P3S	CHEBI:139930	1137.35074777
M_bkos_26	bkos#26	C21H38O7	CHEBI:139932	402.261753556
M_bkos_26coa	bkos#26-CoA	C42H72N7O22P3S	CHEBI:139934	1151.366397834
M_bkos_28	bkos#28	C22H40O7	CHEBI:139936	416.27740362
M_bkos_28coa	bkos#28-CoA	C43H74N7O22P3S	CHEBI:139938	1165.382047898
M_bkos_30	bkos#30	C23H42O7	CHEBI:139940	430.293053684
M_bkos_30coa	bkos#30-CoA	C44H76N7O22P3S	CHEBI:139942	1179.397697962
M_bkos_32	bkos#32	C24H44O7	CHEBI:139944	444.308703748
M_bkos_32coa	bkos#32-CoA	C45H78N7O22P3S	CHEBI:139946	1193.413348026
M_bkos_34	bkos#34	C25H46O7	CHEBI:139948	458.324353812
M_bkos_34coa	bkos#34-CoA	C46H80N7O22P3S	CHEBI:139950	1207.42899809
M_bkos_36	bkos#36	C26H48O7	CHEBI:139952	472.340003876
M_bkos_36coa	bkos#36-CoA	C47H82N7O22P3S	CHEBI:139954	1221.444648154
M_bkos_38	bkos#38	C27H50O7	CHEBI:139956	486.35565394
M_bkos_38coa	bkos#38-CoA	C48H84N7O22P3S	CHEBI:139958	1235.460298218
M_bkos_9	bkos#9	C11H18O7	CHEBI:139960	262.105252916
M_bkos_9coa	bkos#9-CoA	C32H52N7O22P3S	CHEBI:139962	1011.209897194
M_btcoa	butyryl-CoA	C25H42N7O17P3S	CHEBI:15517	837.157073774
M_btcrn	O-butanoyl-L-carnitine	C11H21NO4	CHEBI:21949	231.147058152
M_btn	biotin	C10H16N2O3S	CHEBI:15956	244.088163372
M_but	butyric acid	C4H8O2	CHEBI:30772	88.052429496
M_c15isoal	13-methyltetradecanal	C15H30O	CHEBI:71034	226.22966558
M_c15isoenal	trans-13-methyltetradec-2-enal	C15H28O	CHEBI:70995	224.214015516
M_c17iso3dsphgn	3-dehydro-15-methylhexadecasphinganine	C17H35NO2	CHEBI:70843	285.26677936
M_c17isospc	15-methylhexadecasphing-4-enine-1-phosphocholine	C22H47N2O5P	CHEBI:71056	450.322259234
M_c17isosph1p	15-methylhexadecasphinganine 1-phosphate	C17H38NO5P	CHEBI:71059	367.248759946
M_c17isosphgn	15-methylhexadecasphinganine	C17H37NO2	CHEBI:70852	287.282429424
M_c17isosphings	15-methylhexadecasphing-4-enine	C17H35NO2	CHEBI:70798	285.26677936
M_c17isosphs1p	15-methylhexadecasphing-4-enine 1-phosphate	C17H36NO5P	CHEBI:71036	365.233109882
M_fa18_0_17me	17-methyloctadecanoic acid	C19H38O2	CHEBI:133136	298.287180456
M_cala	N-carbamoyl-beta-alanine	C4H8N2O3	CHEBI:18261	132.053492116
M_camp	3',5'-cyclic AMP	C10H12N5O6P	CHEBI:17489	329.052519734
M_carn10_0__L	O-decanoyl-L-carnitine	C17H33NO4	CHEBI:28717	315.240958536
M_carn12_0__L	O-dodecanoyl-L-carnitine	C19H37NO4	CHEBI:77086	343.272258664
M_carn14_0__L	O-tetradecanoyl-L-carnitine	C21H41NO4	CHEBI:84634	371.303558792
M_carn16_0__L	O-palmitoyl-L-carnitine	C23H45NO4	CHEBI:17490	399.33485892
M_carn18_1_11z__L	O-vaccenyl-L-carnitine	C25H47NO4	CHEBI:89742	425.350508984
M_carn18_1_9z__L	oleoyl-L-carnitine	C25H47NO4	CHEBI:84651	425.350508984
M_carn20_0__L	O-arachidoyl-L-carnitine	C27H53NO4	CHEBI:84645	455.397459176
M_carn6_0__L	O-hexanoyl-L-carnitine	C13H25NO4	CHEBI:84834	259.17835828
M_carn8_0__L	O-octanoyl-L-carnitine	C15H29NO4	CHEBI:18102	287.209658408
M_caro	beta-carotene	C40H56	CHEBI:17579	536.438201792
M_cbasp	N-carbamoyl-L-aspartic acid	C5H8N2O5	CHEBI:15859	176.043321356
M_cbl1	cob(I)alamin	C62H89CoN13O14P	CHEBI:15982	1329.572151158
M_cbp	carbamoyl phosphate	CH4NO5P	CHEBI:17672	140.982708858
M_cdp	CDP	C9H15N3O11P2	CHEBI:17239	403.01818156
M_cdpchol	CDP-choline(1+)	C14H27N4O11P2	CHEBI:49086	489.115155944
M_cdpea	CDP-ethanolamine	C11H20N4O11P2	CHEBI:16732	446.06038072
M_cgly	L-cysteinylglycine	C5H10N2O3S	CHEBI:61694	178.04121318
M_chlstol	5alpha-cholesta-7,24-dien-3beta-ol	C27H44O	CHEBI:16290	384.339216028
M_chol	choline	C5H14NO	CHEBI:15354	104.107539068
M_cholate	cholic acid	C24H40O5	CHEBI:16359	408.28757438
M_cholcoa	choloyl-CoA	C45H74N7O20P3S	CHEBI:15519	1157.392218658
M_cholcoads	(24E)-3alpha,7alpha,12alpha-trihydroxy-5beta-cholest-24-en-26-oyl-CoA	C48H78N7O20P3S	CHEBI:52432	1197.423518786
M_cholcoaone	3alpha,7alpha,12alpha-trihydroxy-24-oxo-5beta-cholestan-26-oyl-CoA	C48H78N7O21P3S	CHEBI:27379	1213.418433406
M_cholcoar	(25R)-3alpha,7alpha,12alpha-trihydroxy-5beta-cholestan-26-oyl-CoA	C48H80N7O20P3S	CHEBI:37642	1199.43916885
M_cholcoas	(25S)-3alpha,7alpha,12alpha-trihydroxy-5beta-cholestanoyl-CoA	C48H80N7O20P3S	CHEBI:37643	1199.43916885
M_cholp	phosphocholine	C5H15NO4P	CHEBI:18132	184.07386959
M_chstenone	cholest-4-en-3-one	C27H44O	CHEBI:16175	384.339216028
M_chsterol	cholesterol	C27H46O	CHEBI:16113	386.354866092
M_chtbs	N,N'-diacetylchitobiose	C16H28N2O11	CHEBI:28681	424.169309716
M_cinnavalininate	Cinnavalininate	C14H8N2O6	CHEBI:3715	300.038235976
M_cit	citric acid	C6H8O7	CHEBI:30769	192.027002596
M_citr__L	L-citrulline	C6H13N3O3	CHEBI:16349	175.095691276
M_clb	cellobiose	C12H22O11	CHEBI:17057	342.116211524
M_cmp	cytidine 5'-monophosphate	C9H14N3O8P	CHEBI:17361	323.051851038
M_cmusa	2-amino-3-(3-oxoprop-1-enyl)but-2-enedioic acid	C7H7NO5	CHEBI:19448	185.032422324
M_co	carbon monoxide	CO	CHEBI:17245	27.99491462
M_co2	carbon dioxide	CO2	CHEBI:16526	43.98982924
M_coa	coenzyme A	C21H36N7O16P3S	CHEBI:15346	767.115208962
M_coa10_0_3o	3-oxodecanoyl-CoA	C31H52N7O18P3S	CHEBI:28528	935.230238714
M_coa10_0_3oh__S	(S)-3-hydroxydecanoyl-CoA	C31H54N7O18P3S	CHEBI:28325	937.245888778
M_coa10_0	decanoyl-CoA	C31H54N7O17P3S	CHEBI:28493	921.250974158
M_coa10_1_2e	trans-dec-2-enoyl-CoA	C31H52N7O17P3S	CHEBI:10723	919.235324094
M_coa12_0_3o	3-oxolauroyl-CoA	C33H56N7O18P3S	CHEBI:27868	963.261538842
M_coa12_0_3oh__S	(S)-3-hydroxylauroyl-CoA	C33H58N7O18P3S	CHEBI:27668	965.277188906
M_coa12_0	lauroyl-CoA	C33H58N7O17P3S	CHEBI:15521	949.282274286
M_coa12_1_2e	trans-dodec-2-enoyl-CoA	C33H56N7O17P3S	CHEBI:15471	947.266624222
M_coa12_1_3z	(3Z)-Dodecenoyl-CoA	C33H56N7O17P3S	CHEBI:27989	947.266624222
M_coa12_2_2e6z	2E,6Z-Dodecadienoyl-CoA	C33H54N7O17P3S	CHEBI:28387	945.250974158
M_coa14_0_3o	3-oxotetradecanoyl-CoA	C35H60N7O18P3S	CHEBI:28726	991.29283897
M_coa14_0_3oh__S	(S)-3-hydroxytetradecanoyl-CoA	C35H62N7O18P3S	CHEBI:27466	993.308489034
M_coa14_0	Myristoyl-CoA	C35H62N7O17P3S	CHEBI:15532	977.313574414
M_coa14_1_2e	trans-tetradec-2-enoyl-CoA	C35H60N7O17P3S	CHEBI:27721	975.29792435
M_coa14_1_5z	(5Z)-Tetradecenoyl-CoA	C35H60N7O17P3S	CHEBI:70712	975.29792435
M_coa14_1_5z3o	3-Oxo-5Z-Tetradecenoyl-CoA	C35H58N7O18P3S	CHEBI:88080	989.277188906
M_coa14_1_5z3oh__S	(S)-3-Hydroxy-5Z-Tetradecenoyl-CoA	C35H60N7O18P3S	CHEBI:88072	991.29283897
M_coa14_2_2e5z	(2E,5Z)-Tetradecadienoyl-CoA	C35H58N7O17P3S	CHEBI:88067	973.282274286
M_coa14_2_5z8z	5Z,8Z-Tetradecadienoyl-CoA	C35H58N7O17P3S	CHEBI:70713	973.282274286
M_coa16_0_3o	3-oxopalmitoyl-CoA	C37H64N7O18P3S	CHEBI:15491	1019.324139098
M_coa16_0_3oh__S	(S)-3-hydroxypalmitoyl-CoA	C37H66N7O18P3S	CHEBI:27402	1021.339789162
M_coa16_0	palmitoyl-CoA	C37H66N7O17P3S	CHEBI:15525	1005.344874542
M_coa16_1_2e	(E)-hexadec-2-enoyl-CoA	C37H64N7O17P3S	CHEBI:28935	1003.329224478
M_coa16_1_7z	(7Z)-Hexadecenoyl-CoA	C37H64N7O17P3S	CHEBI:88008	1003.329224478
M_coa16_1_7z3o	3-Oxo-7Z-Hexadecenoyl-CoA	C37H62N7O18P3S	CHEBI:88090	1017.308489034
M_coa16_1_7z3oh__S	(S)-3-Hydroxy-7Z-Hexadecenoyl-CoA	C37H64N7O18P3S	CHEBI:88087	1019.324139098
M_coa16_1_9z	palmitoleoyl-CoA	C37H64N7O17P3S	CHEBI:53152	1003.329224478
M_coa16_2_2e7z	(2E,7Z)-Hexadecadienoyl-CoA	C37H62N7O17P3S	CHEBI:88086	1001.313574414
M_coa16_2_2e9z	(2E,9Z)-Hexadecadienoyl-CoA	C37H62N7O17P3S	CHEBI:78178	1001.313574414
M_coa18_0_3o	3-oxooctadecanoyl-CoA	C39H68N7O18P3S	CHEBI:50571	1047.355439226
M_coa18_0_3oh__S	(S)-3-hydroxyoctadecanoyl-CoA	C39H70N7O18P3S	CHEBI:50577	1049.37108929
M_coa18_0	stearoyl-CoA	C39H70N7O17P3S	CHEBI:15541	1033.37617467
M_coa18_1_11z_3oh__S	(3R,11Z)-3-hydroxyoctadecenoyl-CoA	C39H68N7O18P3S	CHEBI:76900	1047.355439226
M_coa18_1_11z	cis-Vaccenoyl-CoA	C39H68N7O17P3S	CHEBI:75354	1031.360524606
M_coa18_1_11z3o	3-Oxo-11Z-Octadecenoyl-CoA	C39H66N7O18P3S	CHEBI:76896	1045.339789162
M_coa18_1_2e	trans-2-octadecenoyl-CoA	C39H68N7O17P3S	CHEBI:50570	1031.360524606
M_coa18_1_9z	oleoyl-CoA	C39H68N7O17P3S	CHEBI:15534	1031.360524606
M_coa18_1_9z3o	3-Oxo-Oleoyl-CoA	C39H66N7O18P3S	CHEBI:88007	1045.339789162
M_coa18_1_9z3oh__S	(S)-3-Hydroxyoleoyl-CoA	C39H68N7O18P3S	CHEBI:87781	1047.355439226
M_coa18_2_2e11z	(2E,11Z)-octadecadienoyl-CoA	C39H66N7O17P3S	CHEBI:76904	1029.344874542
M_coa18_2_2e9z	(2E,9Z)-octadecadienoyl-CoA	C39H66N7O17P3S	CHEBI:78187	1029.344874542
M_coa18_2_9z12z	linoleoyl-CoA	C39H66N7O17P3S	CHEBI:15530	1029.344874542
M_coa18_2_9z12z3o	3-Oxo-(9Z,12Z)-Octadecadienoyl-CoA	C39H64N7O18P3S	CHEBI:74090	1043.324139098
M_coa18_3_2e9z12z	(2E,9Z,12Z)-octadecatrienoyl-CoA	C39H64N7O17P3S	CHEBI:78190	1027.329224478
M_coa18_3_6z9z12	gamma-linolenoyl-CoA	C39H64N7O17P3S	CHEBI:15508	1027.329224478
M_coa18_3_9z12z15z	alpha-linolenoyl-CoA	C39H64N7O17P3S	CHEBI:51985	1027.329224478
M_coa20_0_3o	3-oxoicosanoyl-CoA	C41H72N7O18P3S	CHEBI:52327	1075.386739354
M_coa20_0_3oh__S	(R)-3-hydroxyicosanoyl-CoA	C41H74N7O18P3S	CHEBI:76453	1077.402389418
M_coa20_0	icosanoyl-CoA	C41H74N7O17P3S	CHEBI:15527	1061.407474798
M_coa20_1_2e	trans-2-icosenoyl-CoA	C41H72N7O17P3S	CHEBI:75061	1059.391824734
M_coa20_3_8z11z14z	(8Z,11Z,14Z)-3-oxoicosa-8,11,14-trienoyl-CoA	C41H66N7O18P3S	CHEBI:71539	1069.339789162
M_coa20_3_8z11z14z3oh__R	(3R,8Z,11Z,14Z)-3-hydroxyicosatrienoyl-CoA	C41H68N7O18P3S	CHEBI:76536	1071.355439226
M_coa20_4_2e8z11z14z	(2E,8Z,11Z,14Z)-icosatetraenoyl-CoA	C41H66N7O17P3S	CHEBI:76538	1053.344874542
M_coa20_4_5z8z11z14z	arachidonoyl-CoA	C41H66N7O17P3S	CHEBI:15514	1053.344874542
M_coa20_4_8z11z14z17z	(8Z,11Z,14Z,17Z)-icosatetraenoyl-CoA	C41H66N7O17P3S	CHEBI:63542	1053.344874542
M_coa22_0_3o	3-oxodocosanoyl-CoA	C43H76N7O18P3S	CHEBI:52328	1103.418039482
M_coa22_0_3oh__R	(R)-3-hydroxybehenoyl-CoA	C43H78N7O18P3S	CHEBI:76459	1105.433689546
M_coa22_0	behenoyl-CoA	C43H78N7O17P3S	CHEBI:65088	1089.438774926
M_coa22_1_2e	trans-2-docosenoyl-CoA	C43H76N7O17P3S	CHEBI:75064	1087.423124862
M_coa24_0_3o	3-oxotetracosanoyl-CoA	C45H80N7O18P3S	CHEBI:52329	1131.44933961
M_coa24_0_3oh__S	3-hydroxytetracosanoyl-CoA	C45H82N7O18P3S	CHEBI:52326	1133.464989674
M_coa24_0	tetracosanoyl-CoA	C45H82N7O17P3S	CHEBI:52974	1117.470075054
M_coa24_1_2e	trans-2-tetracosenoyl-CoA	C45H80N7O17P3S	CHEBI:75068	1115.45442499
M_coa26_0_3o	3-oxohexacosanoyl-CoA	C47H84N7O18P3S	CHEBI:52977	1159.480639738
M_coa26_0_3oh__S	(S)-3-hydroxyhexacosanoyl-CoA	C47H86N7O18P3S	CHEBI:52976	1161.496289802
M_coa26_0	hexacosanoyl-CoA	C47H86N7O17P3S	CHEBI:52966	1145.501375182
M_coa26_1_2e	trans-2-hexacosenoyl-CoA	C47H84N7O17P3S	CHEBI:52975	1143.485725118
M_coa28_0_3o	3-Oxooctacosanoyl-CoA	C49H88N7O18P3S	CHEBI:73975	1187.511939866
M_coa28_0	octacosanoyl-CoA	C49H90N7O17P3S	CHEBI:74150	1173.53267531
M_coa28_1_2e	trans-octacos-2-enoyl-CoA	C49H88N7O17P3S	CHEBI:76490	1171.517025246
M_coa30_0_3o	3-Oxotricontanoyl-CoA	C51H92N7O18P3S	CHEBI:74355	1215.543239994
M_coa30_0	Triacontanoyl-CoA	C51H94N7O17P3S	CHEBI:76500	1201.563975438
M_coa30_1_2e	trans-triacot-2-enoyl-CoA	C51H92N7O17P3S	CHEBI:76492	1199.548325374
M_coa6_0_3o	3-oxohexanoyl-CoA	C27H44N7O18P3S	CHEBI:27648	879.167638458
M_coa6_0_3oh__S	(S)-3-hydroxyhexanoyl-CoA	C27H46N7O18P3S	CHEBI:28276	881.183288522
M_coa6_0	hexanoyl-CoA	C27H46N7O17P3S	CHEBI:27540	865.188373902
M_coa6_1_2e	trans-hex-2-enoyl-CoA	C27H44N7O17P3S	CHEBI:28706	863.172723838
M_coa8_0_3o	3-oxooctanoyl-CoA	C29H48N7O18P3S	CHEBI:28264	907.198938586
M_coa8_0_3o7me	3-Oxo-7-methyloctanoyl-CoA	C30H50N7O18P3S	CHEBI:15506	921.21458865
M_coa8_0_3oh__S	(S)-3-hydroxyoctanoyl-CoA	C29H50N7O18P3S	CHEBI:28632	909.21458865
M_coa8_1_2e	trans-oct-2-enoyl-CoA	C29H48N7O17P3S	CHEBI:27537	891.204023966
M_cpmp	cyclic pyranopterin monophosphate	C10H14N5O8P	CHEBI:60210	363.057999038
M_crn	(R)-carnitine	C7H15NO3	CHEBI:16347	161.10519334
M_csn	cytosine	C4H5N3O	CHEBI:16040	111.04326178
M_ct_frdp	2-cis,6-trans-farnesyl diphosphate	C15H28O7P2	CHEBI:19515	382.131026496
M_ctp	CTP	C9H16N3O14P3	CHEBI:17677	482.984512082
M_cyan	Hydrogen cyanide	CHN	CHEBI:18407	27.010899032
M_cyanala	3-cyanoalanine	C4H6N2O2	CHEBI:132546	114.042927432
M_cys__L	L-cysteine	C3H7NO2S	CHEBI:35235	121.019749464
M_cyst__L	L-cystathionine	C7H14N2O4S	CHEBI:17482	222.067427928
M_cytd	cytidine	C9H13N3O5	CHEBI:28680	243.085520516
M_d0da	(5alpha)-3-oxocholestan-26-oic acid	C27H44O3	CHEBI:78701	416.329045268
M_d1d7da	Delta(1),Delta(7)-dafachronic acid	C27H40O3	CHEBI:83137	412.29774514
M_d4da	(25S)-Delta(4)-dafachronic acid	C27H42O3	CHEBI:71560	414.313395204
M_d7da	(25S)-Delta(7)-dafachronic acid	C27H42O3	CHEBI:71556	414.313395204
M_dad_2	2'-deoxyadenosine	C10H13N5O3	CHEBI:17256	251.101839276
M_dad_5	5'-deoxyadenosine	C10H13N5O3	CHEBI:17319	251.101839276
M_dadp	dADP	C10H15N5O9P2	CHEBI:16174	411.03450032
M_damp	2'-deoxyadenosine 5'-monophosphate	C10H14N5O6P	CHEBI:17713	331.068169798
M_datp	dATP	C10H16N5O12P3	CHEBI:16284	491.000830842
M_dcamp	N(6)-(1,2-dicarboxyethyl)-AMP	C14H18N5O11P	CHEBI:15919	463.074043026
M_dcdp	dCDP	C9H15N3O10P2	CHEBI:28846	387.02326694
M_dcmp	2'-deoxycytosine 5'-monophosphate	C9H14N3O7P	CHEBI:15918	307.056936418
M_dctp	dCTP	C9H16N3O13P3	CHEBI:16311	466.989597462
M_dcyt	2'-deoxycytidine	C9H13N3O4	CHEBI:15698	227.090605896
M_ddsmsterol	7-dehydrodesmosterol	C27H42O	CHEBI:27910	382.323565964
M_dgdp	dGDP	C10H15N5O10P2	CHEBI:28862	427.02941494
M_dgmp	2'-deoxyguanosine 5'-monophosphate	C10H14N5O7P	CHEBI:16192	347.063084418
M_dgsn	2'-deoxyguanosine	C10H13N5O4	CHEBI:17172	267.096753896
M_dgtp	dGTP	C10H16N5O13P3	CHEBI:16497	506.995745462
M_dha	dihydroxyacetone	C3H6O3	CHEBI:16016	90.031694052
M_dhap	dihydroxyacetone phosphate	C3H7O6P	CHEBI:16108	169.998024574
M_dhbpt	6,7-dihydrobiopterin	C9H13N5O3	CHEBI:20680	239.101839276
M_dhdascb	L-dehydroascorbic acid	C6H6O6	CHEBI:27956	174.016437912
M_dhet	(5Z,8Z,14Z)-11,12-dihydroxyicosatrienoic acid	C20H34O4	CHEBI:63969	338.245709568
M_dhf	dihydrofolic acid	C19H21N7O6	CHEBI:15633	443.155331392
M_dhmtp	1,2-dihydroxy-5-(methylthio)pent-1-en-3-one	C6H10O3S	CHEBI:49252	162.03506518
M_dhnpt	7,8-dihydroneopterin	C9H13N5O4	CHEBI:17001	255.096753896
M_dhor_S	(S)-dihydroorotic acid	C5H6N2O4	CHEBI:17025	158.032756672
M_dhpt	7,8-dihydropteroic acid	C14H14N6O3	CHEBI:4581	314.112738308
M_didp	2'-deoxyinosine-5'-diphosphate	C10H14N4O10P2	CHEBI:28823	412.018515908
M_dimp	2'-deoxyinosine-5'-monophosphate	C10H13N4O7P	CHEBI:28806	332.052185386
M_din	2'-deoxyinosine	C10H12N4O4	CHEBI:28997	252.085854864
M_ditp	dITP	C10H15N4O13P3	CHEBI:28807	491.98484643
M_dkmpp	5-(methylsulfanyl)-2,3-dioxopentyl phosphate	C6H11O6PS	CHEBI:50604	242.001395702
M_dlnlcgcoa	all-cis-icosa-8,11,14-trienoyl-CoA	C41H68N7O17P3S	CHEBI:27979	1055.360524606
M_dmeap	N,N-dimethylethanolamine phosphate	C4H12NO4P	CHEBI:31997	169.050394494
M_dmpp	prenyl diphosphate	C5H12O7P2	CHEBI:16057	246.005825984
M_dnad	deamido-NAD zwitterion	C21H26N6O15P2	CHEBI:14105	664.093137392
M_dopa	dopamine	C8H11NO2	CHEBI:18243	153.078978592
M_dopaqn	L-dopaquinone	C9H9NO4	CHEBI:16852	195.053157768
M_dpcoa	3'-dephospho-CoA	C21H35N7O13P2S	CHEBI:15468	687.14887844
M_dpminol	1-diphospho-1D-myo-inositol 2,3,4,5,6-pentakisphosphate	C6H19O27P7	CHEBI:62919	739.827701758
M_dsmsterol	desmosterol	C27H44O	CHEBI:17737	384.339216028
M_dtdp	dTDP	C10H16N2O11P2	CHEBI:18075	402.022932592
M_dtmp	dTMP	C10H15N2O8P	CHEBI:17013	322.05660207
M_dtt	L-1,4-dithiothreitol	C4H10O2S2	CHEBI:42106	154.01222156
M_dttOX	(4S,5S)-1,2-dithiane-4,5-diol	C4H8O2S2	CHEBI:41837	151.996571496
M_dttp	dTTP	C10H17N2O14P3	CHEBI:18077	481.989263114
M_dudp	dUDP	C9H14N2O11P2	CHEBI:28850	388.007282528
M_dump	dUMP	C9H13N2O8P	CHEBI:17622	308.040952006
M_duri	2'-deoxyuridine	C9H12N2O5	CHEBI:16450	228.074621484
M_dutp	dUTP	C9H15N2O14P3	CHEBI:17625	467.97361305
M_e4p	D-erythrose 4-phosphate	C4H9O7P	CHEBI:48153	200.008589258
M_eet	11,12-EET	C20H32O3	CHEBI:34130	320.235144884
M_eicostet	(5Z,11Z,14Z,17Z)-icosatetraenoic acid	C20H32O2	CHEBI:82835	304.240230264
M_enphpyr	enol-phenylpyruvic acid	C9H8O3	CHEBI:32815	164.047344116
M_etha	ethanolamine	C2H7NO	CHEBI:16000	61.052763844
M_ethamp	O-phosphoethanolamine	C2H8NO4P	CHEBI:17553	141.019094366
M_etoh	ethanol	C2H6O	CHEBI:16236	46.041864812
M_f1p	D-fructofuranose 1-phosphate	C6H13O9P	CHEBI:37515	260.029718626
M_f26bp	beta-D-fructofuranose 2,6-bisphosphate	C6H14O12P2	CHEBI:28602	339.996049148
M_f6p	beta-D-fructofuranose 6-phosphate	C6H13O9P	CHEBI:16084	260.029718626
M_fa10_0_10o	10-oxocapric acid	C10H18O3	CHEBI:17130	186.125594436
M_fa10_0_10oh	10-hydroxycapric acid	C10H20O3	CHEBI:17409	188.1412445
M_fa10_0	decanoic acid	C10H20O2	CHEBI:30813	172.14632988
M_fa12_0_11me	11-Methyldodecanoic acid	C13H26O2	CHEBI:77359	214.193280072
M_fa12_0	dodecanoic acid	C12H24O2	CHEBI:30805	200.177630008
M_fa14_0_13me	isopentadecanoic acid	C15H30O2	CHEBI:39250	242.2245802
M_fa14_0	tetradecanoic acid	C14H28O2	CHEBI:28875	228.208930136
M_fa16_0_15me	isoheptadecanoic acid	C17H34O2	CHEBI:70850	270.255880328
M_fa16_0	hexadecanoic acid	C16H32O2	CHEBI:15756	256.240230264
M_fa16_1_9z	(9Z)-hexadecenoic acid	C16H30O2	CHEBI:78095	254.2245802
M_fa18_0	octadecanoic acid	C18H36O2	CHEBI:28842	284.271530392
M_fa18_1_9z	oleic acid	C18H34O2	CHEBI:16196	282.255880328
M_fa18_2_9z12z	linoleic acid	C18H32O2	CHEBI:17351	280.240230264
M_fa18_3_6z9z12z	gamma-linolenic acid	C18H30O2	CHEBI:28661	278.2245802
M_fa18_3_9z12z15	alpha-linolenic acid	C18H30O2	CHEBI:27432	278.2245802
M_fa20_0	arachidic acid	C20H40O2	CHEBI:28822	312.30283052
M_fa20_3_8z11z14z	Dihomo-gamma-linolenic acid	C20H34O2	CHEBI:53486	306.255880328
M_fa20_4_5z8z11z14z	arachidonic acid	C20H32O2	CHEBI:15843	304.240230264
M_fa21_0	henicosanoic acid	C21H42O2	CHEBI:39248	326.318480584
M_fa22_0	docosanoic acid	C22H44O2	CHEBI:28941	340.334130648
M_fa24_0	tetracosanoic acid	C24H48O2	CHEBI:28866	368.365430776
M_fa26_0	hexacosanoic acid	C26H52O2	CHEBI:31009	396.396730904
M_fa28_0	octacosanoic acid	C28H56O2	CHEBI:31001	424.428031032
M_fa30_0	Triacontanoic acid	C30H60O2	CHEBI:31003	452.45933116
M_fa6_0	hexanoic acid	C6H12O2	CHEBI:17120	116.083729624
M_fa8_0	octanoic acid	C8H16O2	CHEBI:25646	144.115029752
M_fad	FAD	C27H33N9O15P2	CHEBI:16238	785.157134616
M_fadh2	FADH2	C27H35N9O15P2	CHEBI:17877	787.17278468
M_fald	formaldehyde	CH2O	CHEBI:16842	30.010564684
M_fdp	beta-D-fructofuranose 1,6-bisphosphate	C6H14O12P2	CHEBI:40595	339.996049148
M_fecost	fucosterol	C29H48O	CHEBI:27865	412.370516156
M_fmn	FMN	C17H21N4O9P	CHEBI:17621	456.104614882
M_fol	folic acid	C19H19N7O6	CHEBI:27470	441.139681328
M_for	formic acid	CH2O2	CHEBI:30751	46.005479304
M_for_isogln	Formylisoglutamine	C6H10N2O4	CHEBI:80654	174.0640568
M_forglu	N-formimidoyl-L-glutamic acid	C6H10N2O4	CHEBI:7274	174.0640568
M_fprica	5-formamido-1-(5-phospho-D-ribosyl)imidazole-4-carboxamide	C10H15N4O9P	CHEBI:18381	366.05766469
M_frdp	2-trans,6-trans-farnesyl diphosphate	C15H28O7P2	CHEBI:17407	382.131026496
M_fru_B	beta-D-fructofuranose	C6H12O6	CHEBI:47693	180.063388104
M_fuc1p_L	Beta-L-fucose 1-phosphate	C6H13O8P	CHEBI:12387	244.034804006
M_fum	fumaric acid	C4H4O4	CHEBI:18012	116.010958608
M_g1p_B	beta-D-glucose 1-phosphate	C6H13O9P	CHEBI:16218	260.029718626
M_g1p	alpha-D-glucose 1-phosphate	C6H13O9P	CHEBI:29042	260.029718626
M_g3p	glyceraldehyde 3-phosphate	C3H7O6P	CHEBI:17138	169.998024574
M_g3pc	choline alfoscerate	C8H21NO6P	CHEBI:16870	258.110649022
M_g3pe	sn-glycero-3-phosphoethanolamine zwitterion	C5H14NO6P	CHEBI:16929	215.055873798
M_g6p_A	alpha-D-glucose 6-phosphate	C6H13O9P	CHEBI:17665	260.029718626
M_g6p_B	beta-D-glucose 6-phosphate	C6H13O9P	CHEBI:17719	260.029718626
M_gal	beta-D-galactose	C6H12O6	CHEBI:28034	180.063388104
M_gal1p	alpha-D-galactose 1-phosphate	C6H13O9P	CHEBI:16077	260.029718626
M_galt	galactitol	C6H14O6	CHEBI:16813	182.079038168
M_gam	beta-D-glucosamine	C6H13NO5	CHEBI:28393	179.079372516
M_gam6p	2-amino-2-deoxy-D-glucopyranose 6-phosphate	C6H14NO8P	CHEBI:47987	259.045703038
M_gcald	glycolaldehyde	C2H4O2	CHEBI:17071	60.021129368
M_gchola	glycocholic acid	C26H43NO6	CHEBI:17687	465.309038096
M_gcynala	gamma-glutamyl-beta-cyanoalanine	C9H13N3O5	CHEBI:10565	243.085520516
M_gdp	GDP	C10H15N5O11P2	CHEBI:17552	443.02432956
M_gdpddman	GDP-4-dehydro-6-deoxy-alpha-D-mannose	C16H23N5O15P2	CHEBI:16955	587.066588296
M_gdpfuc	GDP-L-fucose	C16H25N5O15P2	CHEBI:17009	589.08223836
M_gdpg	GDP-D-glucose	C16H25N5O16P2	CHEBI:17383	605.07715298
M_gdpmann	GDP-D-mannose	C16H25N5O16P2	CHEBI:84880	605.07715298
M_ggdp	2-trans,6-trans,10-trans-geranylgeranyl diphosphate	C20H36O7P2	CHEBI:48861	450.193626752
M_glc_aD	alpha-D-glucose	C6H12O6	CHEBI:17925	180.063388104
M_glc_bD	beta-D-glucose	C6H12O6	CHEBI:15903	180.063388104
M_glcn	D-gluconic acid	C6H12O7	CHEBI:33198	196.058302724
M_glcr	D-glucaric acid	C6H10O8	CHEBI:17301	210.03756728
M_gln__L	L-glutamine	C5H10N2O3	CHEBI:18050	146.06914218
M_glu__L	L-glutamic acid	C5H9NO4	CHEBI:29985	147.053157768
M_glu_gly_phe	Glu-Gly-Phe	C16H21N3O6	CHEBI:140739	351.143035392
M_glu5p	L-gamma-glutamyl phosphate	C5H10NO7P	CHEBI:17798	227.01948829
M_glu5sa	L-glutamic 5-semialdehyde	C5H9NO3	CHEBI:17232	131.058243148
M_gluala	gamma-Glu-Ala	C8H14N2O5	CHEBI:50619	218.090271548
M_glucys	L-gamma-glutamyl-L-cysteine	C8H14N2O5S	CHEBI:17515	250.062342548
M_glutaconyl_coa	trans-4-carboxybut-2-enoyl-CoA	C26H40N7O19P3S	CHEBI:15497	879.13125295
M_glutcoa	glutaryl-CoA	C26H42N7O19P3S	CHEBI:15524	881.146903014
M_glx	glyoxylic acid	C2H2O3	CHEBI:16891	74.000393924
M_gly	glycine	C2H5NO2	CHEBI:15428	75.0320284
M_glyald	D-glyceraldehyde	C3H6O3	CHEBI:17378	90.031694052
M_glyb	glycine betaine	C5H11NO2	CHEBI:17750	117.078978592
M_glyc	glycerol	C3H8O3	CHEBI:17754	92.047344116
M_glyc_R	D-glyceric acid	C3H6O4	CHEBI:32398	106.026608672
M_glyc3p	sn-glycerol 3-phosphate	C3H9O6P	CHEBI:15978	172.013674638
M_glyclt	glycolic acid	C2H4O3	CHEBI:17497	76.016043988
M_glyglygly	glycyl-glycyl-glycine	C6H11N3O4	CHEBI:63961	189.074955832
M_gmp	guanosine 5'-monophosphate	C10H14N5O8P	CHEBI:17345	363.057999038
M_grdp	geranyl diphosphate	C10H20O7P2	CHEBI:17211	314.06842624
M_gsn	guanosine	C10H13N5O5	CHEBI:16750	283.091668516
M_gthox	glutathione disulfide	C20H32N6O12S2	CHEBI:17858	612.151962464
M_gthrd	glutathione	C10H17N3O6S	CHEBI:16856	307.083806264
M_gtp	GTP	C10H16N5O14P3	CHEBI:15996	522.990660082
M_gua	guanine	C5H5N5O	CHEBI:16235	151.04940978
M_gullac	L-gulono-1,4-lactone	C6H10O6	CHEBI:17587	178.04773804
M_guln	L-gulonic acid	C6H12O7	CHEBI:16154	196.058302724
M_h2co3	carbonic acid	H2CO3	CHEBI:28976	62.000393924
M_h2o	water	H2O	CHEBI:15377	18.010564684
M_h2o2	hydrogen peroxide	H2O2	CHEBI:16240	34.005479304
M_h2s	hydrogen sulfide	H2S	CHEBI:16136	33.987721064
M_hbas_3	hbas#3	C22H30O8	CHEBI:79321	422.19406792
M_hco3	carbonic acid	CH2O3	CHEBI:28976	62.000393924
M_hcys__L	L-homocysteine	C4H9NO2S	CHEBI:17588	135.035399528
M_hexdp	all-trans-hexaprenyl diphosphate	C30H52O7P2	CHEBI:17528	586.318827264
M_hgentis	homogentisic acid	C8H8O4	CHEBI:44747	168.042258736
M_his__L	L-histidine	C6H9N3O2	CHEBI:15971	155.069476528
M_hista	histamine	C5H9N3	CHEBI:18295	111.079647288
M_hLkynr	3-hydroxy-L-kynurenine	C10H12N2O4	CHEBI:17380	224.079706864
M_hmgcoa	(3S)-3-hydroxy-3-methylglutaryl-CoA	C27H44N7O20P3S	CHEBI:15467	911.157467698
M_hmgth	S-(hydroxymethyl)glutathione	C11H19N3O7S	CHEBI:48926	337.094370948
M_homoval	homovanillic acid	C9H10O4	CHEBI:545959	182.0579088
M_hpglu	tetrahydropteroyltri-L-glutamic acid	C29H37N9O12	CHEBI:17420	703.256167624
M_hpyr	3-hydroxypyruvic acid	C3H4O4	CHEBI:30841	104.010958608
M_hxan	hypoxanthine	C5H4N4O	CHEBI:17368	136.038510748
M_hxdcal	hexadecanal	C16H32O	CHEBI:17600	240.245315644
M_hyptaur	hypotaurine	C2H7NO2S	CHEBI:16668	109.019749464
M_ibcoa	isobutyryl-CoA	C25H42N7O17P3S	CHEBI:15479	837.157073774
M_ica	indole-3-carboxylic acid	C9H7NO2	CHEBI:24809	161.047678464
M_icas_1	icas#1	C22H29NO7	CHEBI:79051	419.194402268
M_icas_10	icas#10	C24H33NO7	CHEBI:79029	447.225702396
M_icas_3	icas#3	C24H31NO7	CHEBI:79052	445.210052332
M_icas_7	icas#7	C22H27NO7	CHEBI:79023	417.178752204
M_icas_9	icas#9	C20H25NO7	CHEBI:79028	391.16310214
M_icit	D-threo-isocitric acid	C6H8O7	CHEBI:151	192.027002596
M_id3acald	indol-3-ylacetaldehyde	C10H9NO	CHEBI:18086	159.068413908
M_idp	IDP	C10H14N4O11P2	CHEBI:17808	428.013430528
M_ile__L	L-isoleucine	C6H13NO2	CHEBI:17191	131.094628656
M_imp	IMP	C10H13N4O8P	CHEBI:17202	348.047100006
M_ind3ac	indole-3-acetic acid	C10H9NO2	CHEBI:16411	175.063328528
M_ind56qn	indole-5,6-quinone	C8H5NO2	CHEBI:27406	147.0320284
M_inost	myo-inositol	C6H12O6	CHEBI:17268	180.063388104
M_ins	inosine	C10H12N4O5	CHEBI:17596	268.080769484
M_ipdp	isopentenyl diphosphate	C5H12O7P2	CHEBI:16584	246.005825984
M_itp	ITP	C10H15N4O14P3	CHEBI:16039	507.97976105
M_ivcoa	isovaleryl-CoA	C26H44N7O17P3S	CHEBI:15487	851.172723838
M_kynate	kynurenic acid	C10H7NO3	CHEBI:18344	189.042593084
M_L_dpchrm	L-dopachrome	C9H7NO4	CHEBI:15772	193.037507704
M_L2aadp	L-2-aminoadipic acid	C6H11NO4	CHEBI:37023	161.068807832
M_L2aadp6sa	L-allysine	C6H11NO3	CHEBI:17917	145.073893212
M_lac__D	(R)-lactic acid	C3H6O3	CHEBI:42111	90.031694052
M_lac__L	(S)-lactic acid	C3H6O3	CHEBI:42111	90.031694052
M_LalaLglu	L-alanyl-L-glutamic acid	C8H14N2O5	CHEBI:61565	218.090271548
M_lald_D	(R)-lactaldehyde	C3H6O2	CHEBI:17167	74.036779432
M_lcts	lactose	C12H22O11	CHEBI:36219	342.116211524
M_Lcyst	L-cysteic acid	C3H7NO5S	CHEBI:17285	169.004493324
M_leu__L	L-leucine	C6H13NO2	CHEBI:15603	131.094628656
M_leuktrA4	leukotriene A4	C20H30O3	CHEBI:15651	318.21949482
M_leuktrB4	leukotriene B4	C20H32O4	CHEBI:15647	336.230059504
M_leuktrB4woh	20-hydroxy-leukotriene B4	C20H32O5	CHEBI:15646	352.224974124
M_Lfmkynr	N-formyl-L-kynurenine	C11H12N2O4	CHEBI:30249	236.079706864
M_LgluDala	L-gamma-glutamyl-D-alanine	C8H14N2O5	CHEBI:16834	218.090271548
M_lgt_S	(R)-S-lactoylglutathione	C13H21N3O8S	CHEBI:15694	379.104935632
M_lipa_BAC	KDO(2)-lipid (A) (bacteria)	C110H202N2O39P2	CHEBI:27963	2237.335997904
M_lipoamp	lipoyl-AMP	C18H26N5O8PS2	CHEBI:55451	535.096041422
M_lipoate	(R)-lipoic acid	C8H14O2S2	CHEBI:30314	206.043521688
M_Lkynr	L-kynurenine	C10H12N2O3	CHEBI:16946	208.084792244
M_lnlccrn	O-linoleoyl-L-carnitine	C25H45NO4	CHEBI:84098	423.33485892
M_lphol	4alpha-methyl-5alpha-cholest-7-en-3beta-ol	C28H48O	CHEBI:18378	400.370516156
M_lthstrl	5alpha-cholest-7-en-3beta-ol	C27H46O	CHEBI:17168	386.354866092
M_lthstrone	lathosterone	C27H44O	CHEBI:71550	384.339216028
M_lxhexll	L-xylo-hex-2-ulono-1,4-lactone	C6H8O6	CHEBI:73681	176.032087976
M_lys__L	L-lysine	C6H14N2O2	CHEBI:18019	146.105527688
M_mal__L	(S)-malic acid	C4H6O5	CHEBI:30797	134.021523292
M_malt	beta-maltose	C12H22O11	CHEBI:18147	342.116211524
M_malttr	maltotetraose	C24H42O21	CHEBI:28460	666.221858364
M_man	D-mannopyranose	C6H12O6	CHEBI:4208	180.063388104
M_man1p	alpha-D-mannose 1-phosphate	C6H13O9P	CHEBI:18205	260.029718626
M_man6p	D-mannopyranose 6-phosphate	C6H13O9P	CHEBI:48066	260.029718626
M_mbas_10	mbas#10	C20H34O7	CHEBI:79129	386.230453428
M_mbas_3	mbas#3	C20H32O7	CHEBI:79128	384.214803364
M_mdascb	monodehydro-L-ascorbic acid	C6H7O6	CHEBI:16504	175.024262944
M_melib	melibiose	C12H22O11	CHEBI:4808	342.116211524
M_meoh	methanol	CH4O	CHEBI:17790	32.026214748
M_mercplac	3-mercaptolactic acid	C3H6O3S	CHEBI:28580	122.003765052
M_mercppyr	3-mercaptopyruvic acid	C3H4O3S	CHEBI:16208	119.988114988
M_met__L	L-methionine	C5H11NO2S	CHEBI:16643	149.051049592
M_methamp	N-methylethanolamine phosphate	C3H10NO4P	CHEBI:16463	155.03474443
M_metsel	Methylselenol	CH4Se	CHEBI:64685	95.947821428
M_mev_R	(R)-mevalonic acid	C6H12O4	CHEBI:25351	148.073558864
M_mhista	N(tele)-methylhistamine	C6H11N3	CHEBI:29009	125.095297352
M_mhpglu	5-methyltetrahydropteroyltri-L-glutamic acid	C30H39N9O12	CHEBI:17614	717.271817688
M_mi13456p	myo-inositol 1,3,4,5,6-pentakisphosphate	C6H17O21P5	CHEBI:16322	579.895040714
M_mi1345p	1D-myo-inositol 1,3,4,5-tetrakisphosphate	C6H16O18P4	CHEBI:16783	499.928710192
M_mi1346p	myo-inositol 1,3,4,6-tetrakisphosphate	C6H16O18P4	CHEBI:16155	499.928710192
M_mi134p	1D-myo-inositol 1,3,4-trisphosphate	C6H15O15P3	CHEBI:18228	419.96237967
M_mi1456p	1D-myo-inositol 1,4,5,6-tetrakisphosphate	C6H16O18P4	CHEBI:16067	499.928710192
M_mi145p	1D-myo-inositol 1,4,5-trisphosphate	C6H15O15P3	CHEBI:16595	419.96237967
M_mi14p	1D-myo-inositol 1,4-bisphosphate	C6H14O12P2	CHEBI:17816	339.996049148
M_mi1p_D	1D-myo-inositol 1-phosphate	C6H13O9P	CHEBI:18297	260.029718626
M_mi3p_D	1D-myo-inositol 3-phosphate	C6H13O9P	CHEBI:18169	260.029718626
M_mi4p_D	1D-myo-inositol 4-phosphate	C6H13O9P	CHEBI:18384	260.029718626
M_minohp	myo-inositol hexakisphosphate	C6H18O24P6	CHEBI:17401	659.861371236
M_mlthf	(6R)-5,10-methylenetetrahydrofolic acid	C20H23N7O6	CHEBI:15636	457.170981456
M_mm	methylmalonic acid	C4H6O4	CHEBI:30860	118.026608672
M_mmcoa_R	(R)-methylmalonyl-CoA	C25H40N7O19P3S	CHEBI:15465	867.13125295
M_mmcoa_S	(S)-methylmalonyl-CoA	C25H40N7O19P3S	CHEBI:15466	867.13125295
M_mmtsa	(S)-methylmalonaldehydic acid	C4H6O3	CHEBI:27821	102.031694052
M_mn	beta-D-Manp-(1-4)-beta-D-GlcpNAc	C14H25NO11	CHEBI:71553	383.14276062
M_mobd	molybdic acid	H2MoO4	CHEBI:25371	163.900716744
M_mpt	molybdopterin	C10H14N5O6PS2	CHEBI:44074	395.012311798
M_mptamp	molybdopterin adenine dinucleotide	C20H26N10O12P2S2	CHEBI:62728	724.064831532
M_msa	3-oxopropanoic acid	C3H4O3	CHEBI:17960	88.016043988
M_mthgxl	methylglyoxal	C3H4O2	CHEBI:17158	72.021129368
M_mtpp	3-(methylthio)propionic acid	C4H8O2S	CHEBI:1438	120.024500496
M_n4abutn	4-acetamidobutanal	C6H11NO2	CHEBI:7386	129.078978592
M_nac	nicotinic acid	C6H5NO2	CHEBI:15940	123.0320284
M_nadh	NADH	C21H29N7O14P2	CHEBI:16908	665.124771868
M_nadp	NADP zwitterion	C21H28N7O17P3	CHEBI:44409	743.075452326
M_nadph	NADPH	C21H30N7O17P3	CHEBI:16474	745.09110239
M_ncam	nicotinamide	C6H6N2O	CHEBI:17154	122.048012812
M_Nforglu	N-formyl-L-glutamic acid	C6H9NO5	CHEBI:48309	175.048072388
M_nformanth	N-formylanthranilic acid	C8H7NO3	CHEBI:36575	165.042593084
M_nh3	ammonia	NH3	CHEBI:16134	17.026549096
M_nh4	ammonia	NH3	CHEBI:16134	17.026549096
M_nicrns	D-ribosylnicotinate	C11H13NO6	CHEBI:58527	255.074287136
M_nmn	NMN zwitterion	C11H15N2O8P	CHEBI:16171	334.05660207
M_nonadp	all-trans-nonaprenyl diphosphate	C45H76O7P2	CHEBI:18144	790.506628032
M_npmmoxbq	2-methoxy-3-methyl-6-all-trans-nonaprenylhydroquinone	C53H82O3	CHEBI:84531	766.626396484
M_npmoxbq	2-methoxy-6-all-trans-nonaprenylhydroquinone	C52H80O3	CHEBI:84529	752.61074642
M_npr4hben	nonaprenyl 4-hydroxybenzoate	C52H78O3	CHEBI:18162	750.595096356
M_nrpphr	(R)-noradrenaline	C8H11NO3	CHEBI:18357	169.073893212
M_o2	dioxygen	O2	CHEBI:15379	31.98982924
M_oaa	oxaloacetic acid	C4H4O5	CHEBI:30744	132.005873228
M_octpam	octopamine	C8H11NO2	CHEBI:17134	153.078978592
M_orn	L-ornithine	C5H12N2O2	CHEBI:15729	132.089877624
M_orot	orotic acid	C5H4N2O4	CHEBI:16742	156.017106608
M_orot5p	orotidine 5'-phosphate	C10H13N2O11P	CHEBI:15842	368.025695866
M_osas_1	osas#1	C25H37NO10	CHEBI:140786	511.241746384
M_osas_10	osas#10	C27H41NO10	CHEBI:140787	539.273046512
M_osas_9	osas#9	C23H33NO10	CHEBI:140788	483.210446256
M_oscr_1	oscr#1	C13H24O6	CHEBI:79130	276.157288488
M_oscr_10	oscr#10	C15H28O6	CHEBI:79134	304.188588616
M_oscr_10coa	oscr#10-CoA	C36H62N7O21P3S	CHEBI:139966	1053.293232894
M_oscr_12	oscr#12	C12H22O6	CHEBI:79135	262.141638424
M_oscr_12coa	oscr#12-CoA	C33H56N7O21P3S	CHEBI:139969	1011.246282702
M_oscr_13	oscr#13	C14H24O6	CHEBI:139971	288.157288488
M_oscr_13coa	oscr#13-CoA	C35H58N7O21P3S	CHEBI:139973	1037.261932766
M_oscr_14	oscr#14	C14H26O6	CHEBI:79136	290.172938552
M_oscr_14coa	oscr#14-CoA	C35H60N7O21P3S	CHEBI:139976	1039.27758283
M_oscr_15	oscr#15	C16H28O6	CHEBI:79137	316.188588616
M_oscr_15coa	oscr#15-CoA	C37H62N7O21P3S	CHEBI:139979	1065.293232894
M_oscr_16	oscr#16	C16H30O6	CHEBI:79138	318.20423868
M_oscr_16coa	oscr#16-CoA	C37H64N7O21P3S	CHEBI:139982	1067.308882958
M_oscr_17	oscr#17	C17H30O6	CHEBI:79139	330.20423868
M_oscr_17coa	oscr#17-CoA	C38H64N7O21P3S	CHEBI:139985	1079.308882958
M_oscr_18	oscr#18	C17H32O6	CHEBI:79140	332.219888744
M_oscr_18coa	oscr#18-CoA	C38H66N7O21P3S	CHEBI:139988	1081.324533022
M_oscr_19	oscr#19	C18H32O6	CHEBI:79141	344.219888744
M_oscr_19coa	oscr#19-CoA	C39H66N7O21P3S	CHEBI:139991	1093.324533022
M_oscr_1coa	oscr#1-CoA	C34H58N7O21P3S	CHEBI:139993	1025.261932766
M_oscr_20	oscr#20	C18H34O6	CHEBI:79142	346.235538808
M_oscr_20coa	oscr#20-CoA	C39H68N7O21P3S	CHEBI:139996	1095.340183086
M_oscr_21	oscr#21	C19H34O6	CHEBI:79143	358.235538808
M_oscr_21coa	oscr#21-CoA	C40H68N7O21P3S	CHEBI:139999	1107.340183086
M_oscr_22	oscr#22	C19H36O6	CHEBI:79144	360.251188872
M_oscr_22coa	oscr#22-CoA	C40H70N7O21P3S	CHEBI:140002	1109.35583315
M_oscr_23	oscr#23	C20H36O6	CHEBI:79145	372.251188872
M_oscr_23coa	oscr#23-CoA	C41H70N7O21P3S	CHEBI:140005	1121.35583315
M_oscr_24	oscr#24	C20H38O6	CHEBI:79146	374.266838936
M_oscr_24coa	oscr#24-CoA	C41H72N7O21P3S	CHEBI:140008	1123.371483214
M_oscr_25	oscr#25	C21H38O6	CHEBI:79147	386.266838936
M_oscr_25coa	oscr#25-CoA	C42H72N7O21P3S	CHEBI:140011	1135.371483214
M_oscr_26	oscr#26	C21H40O6	CHEBI:79148	388.282489
M_oscr_26coa	oscr#26-CoA	C42H74N7O21P3S	CHEBI:140014	1137.387133278
M_oscr_27	oscr#27	C22H40O6	CHEBI:79149	400.282489
M_oscr_27coa	oscr#27-CoA	C43H74N7O21P3S	CHEBI:140017	1149.387133278
M_oscr_28	oscr#28	C22H42O6	CHEBI:79150	402.298139064
M_oscr_28coa	oscr#28-CoA	C43H76N7O21P3S	CHEBI:140020	1151.402783342
M_oscr_29	oscr#29	C23H42O6	CHEBI:79151	414.298139064
M_oscr_29coa	oscr#29-CoA	C44H76N7O21P3S	CHEBI:140023	1163.402783342
M_oscr_3	oscr#3	C15H26O6	CHEBI:79131	302.172938552
M_oscr_30	oscr#30	C23H44O6	CHEBI:79152	416.313789128
M_oscr_30coa	oscr#30-CoA	C44H78N7O21P3S	CHEBI:140027	1165.418433406
M_oscr_31	oscr#31	C24H44O6	CHEBI:79153	428.313789128
M_oscr_31coa	oscr#31-CoA	C45H78N7O21P3S	CHEBI:140030	1177.418433406
M_oscr_32	oscr#32	C24H46O6	CHEBI:79154	430.329439192
M_oscr_32coa	oscr#32-CoA	C45H80N7O21P3S	CHEBI:140033	1179.43408347
M_oscr_33	oscr#33	C25H46O6	CHEBI:79155	442.329439192
M_oscr_33coa	oscr#33-CoA	C46H80N7O21P3S	CHEBI:140036	1191.43408347
M_oscr_34	oscr#34	C25H48O6	CHEBI:79156	444.345089256
M_oscr_34coa	oscr#34-CoA	C46H82N7O21P3S	CHEBI:140039	1193.449733534
M_oscr_35	oscr#35	C26H48O6	CHEBI:79157	456.345089256
M_oscr_35coa	oscr#35-CoA	C47H82N7O21P3S	CHEBI:140042	1205.449733534
M_oscr_36	oscr#36	C26H50O6	CHEBI:79158	458.36073932
M_oscr_36coa	oscr#36-CoA	C47H84N7O21P3S	CHEBI:140045	1207.465383598
M_oscr_37	oscr#37	C27H50O6	CHEBI:79159	470.36073932
M_oscr_37coa	oscr#37-CoA	C48H84N7O21P3S	CHEBI:140048	1219.465383598
M_oscr_38	oscr#38	C27H52O6	CHEBI:79160	472.376389384
M_oscr_38coa	oscr#38-CoA	C48H86N7O21P3S	CHEBI:140051	1221.481033662
M_oscr_3coa	oscr#3-CoA	C36H60N7O21P3S	CHEBI:140053	1051.27758283
M_oscr_7	oscr#7	C13H22O6	CHEBI:79132	274.141638424
M_oscr_7coa	oscr#7-CoA	C34H56N7O21P3S	CHEBI:140056	1023.246282702
M_oscr_9	oscr#9	C11H20O6	CHEBI:79133	248.12598836
M_oscr_9coa	oscr#9-CoA	C32H54N7O21P3S	CHEBI:140059	997.230632638
M_oxa	oxalic acid	C2H2O4	CHEBI:16995	89.995308544
M_pad	2-phenylacetamide	C8H9NO	CHEBI:16562	135.068413908
M_pan4p	pantetheine 4'-phosphate	C11H23N2O7PS	CHEBI:16858	358.096358706
M_pap	adenosine 3',5'-bismonophosphate	C10H15N5O10P2	CHEBI:17985	427.02941494
M_paps	3'-phospho-5'-adenylyl sulfate	C10H15N5O13P2S	CHEBI:17980	506.9862298
M_pcrn	O-propanoyl-L-carnitine	C10H19NO4	CHEBI:53210	217.131408088
M_pdx5p	pyridoxine 5'-phosphate	C8H12NO6P	CHEBI:28803	249.040223734
M_peamn	2-phenylethylamine	C8H11N	CHEBI:18397	121.089149352
M_pep	phosphoenolpyruvic acid	C3H5O6P	CHEBI:44897	167.98237451
M_phe__L	L-phenylalanine	C9H11NO2	CHEBI:17295	165.078978592
M_pheme	ferroheme b	C34H32FeN4O4	CHEBI:17627	616.177293004
M_phpyr	keto-phenylpyruvic acid	C9H8O3	CHEBI:30851	164.047344116
M_pi	phosphoric acid	H3PO4	CHEBI:26078	97.976895206
M_pnto_R	(R)-pantothenic acid	C9H17NO5	CHEBI:46905	219.110672644
M_ppa	propionic acid	C3H6O2	CHEBI:30768	74.036779432
M_ppi	diphosphoric acid	H4O7P2	CHEBI:29888	177.943225728
M_ppip	Bisdiphosphoinositol tetrakisphosphate	C6H20O30P8	CHEBI:52965	819.79403228
M_ppmi12346p	5-diphospho-1D-myo-inositol pentakisphosphate	C6H19O27P7	CHEBI:30164	739.827701758
M_pppi	triphosphoric acid	H5O10P3	CHEBI:39949	257.90955625
M_pram	5-phospho-beta-D-ribosylamine	C5H12NO7P	CHEBI:37737	229.035138354
M_pro__L	L-proline	C5H9NO2	CHEBI:17203	115.063328528
M_prostgd2	prostaglandin D2	C20H32O5	CHEBI:15555	352.224974124
M_prostge2	prostaglandin E2	C20H32O5	CHEBI:15551	352.224974124
M_prostgh2	prostaglandin H2	C20H32O5	CHEBI:15554	352.224974124
M_prpncoa	acryloyl-CoA	C24H38N7O17P3S	CHEBI:15513	821.125773646
M_prpp	5-O-phosphono-alpha-D-ribofuranosyl diphosphate	C5H13O14P3	CHEBI:17111	389.951814986
M_psd5p	pseudouridine 5'-phosphate	C9H13N2O9P	CHEBI:18116	324.035866626
M_psduri	pseudouridine	C9H12N2O6	CHEBI:17802	244.069536104
M_pser_L	O-phospho-L-serine	C3H8NO6P	CHEBI:15811	185.008923606
M_psqldp	presqualene diphosphate	C30H52O7P2	CHEBI:15442	586.318827264
M_ptrc	putrescine	C4H12N2	CHEBI:17148	88.100048384
M_pyam5p	pyridoxamine 5'-phosphate	C8H13N2O5P	CHEBI:18335	248.056208146
M_pydam	pyridoxamine	C8H12N2O2	CHEBI:16410	168.089877624
M_pydx	pyridoxal	C8H9NO3	CHEBI:17310	167.058243148
M_pydx5p	pyridoxal 5'-phosphate	C8H10NO6P	CHEBI:18405	247.02457367
M_pydxn	pyridoxine	C8H11NO3	CHEBI:16709	169.073893212
M_pyr	pyruvic acid	C3H4O3	CHEBI:32816	88.016043988
M_q8	ubiquinone-8	C49H74O4	CHEBI:61683	726.558710848
M_q8h2	ubiquinol-8	C49H76O4	CHEBI:61682	728.574360912
M_q9	ubiquinone-9	C54H82O4	CHEBI:18160	794.621311104
M_q9h2	ubiquinol-9	C54H84O4	CHEBI:84424	796.636961168
M_quln	quinolinic acid	C7H5NO4	CHEBI:16675	167.02185764
M_r1p	alpha-D-ribose 1-phosphate	C5H11O8P	CHEBI:16300	230.019153942
M_r5p	alpha-D-ribofuranose 5-phosphate	C5H11O8P	CHEBI:18189	230.019153942
M_raffin	raffinose	C18H32O16	CHEBI:16634	504.169034944
M_retinal	all-trans-retinal	C20H28O	CHEBI:45487	284.214015516
M_retinal_cis_9	9-cis-retinal	C20H28O	CHEBI:78273	284.214015516
M_retinol_9_cis	9-cis-retinol	C20H30O	CHEBI:78272	286.22966558
M_retinol	all-trans-retinol	C20H30O	CHEBI:45479	286.22966558
M_retinol_cis_11	11-cis-retinol	C20H30O	CHEBI:45479	286.22966558
M_retn	retinoic acid	C20H28O2	CHEBI:26536	300.208930136
M_retnglc	1-O-all-trans-retinoyl-beta-glucuronic acid	C26H36O8	CHEBI:28870	476.241018112
M_retpalm	all-trans-retinyl palmitate	C36H60O2	CHEBI:17616	524.45933116
M_retpalm_cis_11	11-cis-retinyl palmitate	C36H60O2	CHEBI:16254	524.45933116
M_ribflv	riboflavin	C17H20N4O6	CHEBI:17015	376.13828436
M_rnam	N-ribosylnicotinamide	C11H15N2O5	CHEBI:15927	255.09809658
M_rq9	Rhodoquinone-9	C53H81NO3	CHEBI:140751	779.621645452
M_rq9h2	Rhodoquinonol-9	C53H83NO3	CHEBI:140752	781.637295516
M_ru5p_D	D-ribulose 5-phosphate	C5H11O8P	CHEBI:17363	230.019153942
M_s17bp	sedoheptulose 1,7-bisphosphate	C7H16O13P2	CHEBI:17969	370.006613832
M_s2	hydrogen sulfide	H2S	CHEBI:16136	33.987721064
M_S3hb	(S)-3-hydroxybutyric acid	C4H8O3	CHEBI:17290	104.047344116
M_s7p	sedoheptulose 7-phosphate	C7H15O10P	CHEBI:15721	290.04028331
M_saccrp__L	L-saccharopine	C11H20N2O6	CHEBI:16927	276.13213636
M_sarcs	sarcosine	C3H7NO2	CHEBI:15611	89.047678464
M_sbt__D	D-glucitol	C6H14O6	CHEBI:17924	182.079038168
M_seasmet	L-adenosylselenomethionine	C15H23N6O5Se	CHEBI:9066	447.089514136
M_sedh	sedoheptulose	C7H14O7	CHEBI:16802	210.073952788
M_sel	selenic acid	H2O4Se	CHEBI:18170	145.911829844
M_selcyst	L-selenocystathionine	C7H14N2O4Se	CHEBI:62226	270.011878228
M_selmeth	L-selenomethionine	C5H11NO2Se	CHEBI:30021	196.995499892
M_selnp	selenophosphoric acid	H3O3PSe	CHEBI:29269	161.898501886
M_selnt	selenous acid	H2O3Se	CHEBI:26642	129.916915224
M_ser__L	L-serine	C3H7NO3	CHEBI:17822	105.042593084
M_Sfglutth	S-formylglutathione	C11H17N3O7S	CHEBI:16225	335.078720884
M_sl__L	(S)-2-O-sulfolactic acid	C3H6O6S	CHEBI:17943	169.988508912
M_smscys	Se-methyl-L-selenocysteine	C4H9NO2Se	CHEBI:27812	182.979849828
M_so3	sulfurous acid	H2O3S	CHEBI:48854	81.972464924
M_so4	sulfuric acid	H2O4S	CHEBI:45696	97.967379544
M_spc	sphingosine-1-phosphocholine	C23H49N2O5P	CHEBI:17689	464.337909298
M_sph1p	sphinganine 1-phosphate	C18H40NO5P	CHEBI:16893	381.26441001
M_sphgn	sphinganine	C18H39NO2	CHEBI:16566	301.298079488
M_sphings	sphingosine	C18H37NO2	CHEBI:16393	299.282429424
M_sphs1p	sphingosine 1-phosphate	C18H38NO5P	CHEBI:37550	379.248759946
M_spmd	spermidine	C7H19N3	CHEBI:16610	145.157897608
M_sprm	spermine	C10H26N4	CHEBI:15746	202.215746832
M_sql	squalene	C30H50	CHEBI:15440	410.3912516
M_srtn	serotonin	C10H12N2O	CHEBI:28790	176.094963004
M_Ssq23epx	(S)-2,3-epoxysqualene	C30H50O	CHEBI:15441	426.38616622
M_sstol	sitosterol	C29H50O	CHEBI:27693	414.38616622
M_stachyose	stachyose	C24H42O21	CHEBI:17164	666.221858364
M_strdnc	stearidonic acid	C18H28O2	CHEBI:32389	276.208930136
M_strdnccoa	stearidonyl coenzyme A	C39H62N7O17P3S	CHEBI:63545	1025.313574414
M_succ	succinic acid	C4H6O4	CHEBI:37952	118.026608672
M_succoa	succinyl-CoA	C25H40N7O19P3S	CHEBI:15380	867.13125295
M_sucr	sucrose	C12H22O11	CHEBI:17992	342.116211524
M_sucsal	succinic semialdehyde	C4H6O3	CHEBI:16265	102.031694052
M_taur	taurine	C2H7NO3S	CHEBI:507393	125.014664084
M_tchola	taurocholic acid	C26H45NO7S	CHEBI:28865	515.29167378
M_tcynt	thiocyanic acid	CHNS	CHEBI:29200	58.982970032
M_thbpt	5,6,7,8-tetrahydrobiopterin	C9H15N5O3	CHEBI:15372	241.11748934
M_thcholst	3alpha,7alpha,12alpha-trihydroxy-5beta-cholestan-26-al	C27H46O4	CHEBI:16466	434.339609952
M_thcholstoic	3alpha,7alpha,12alpha-trihydroxy-5beta-cholestan-26-oic acid	C27H46O5	CHEBI:18402	450.334524572
M_thf	(6S)-5,6,7,8-tetrahydrofolic acid	C19H23N7O6	CHEBI:15635	445.170981456
M_thm	thiamine(1+)	C12H17N4OS	CHEBI:18385	265.112307164
M_thmpp	thiamine(1+) diphosphate(1-)	C12H18N4O7P2S	CHEBI:45931	424.037143176
M_thp2c	1-piperideine-6-carboxylic acid	C6H9NO2	CHEBI:49015	127.063328528
M_thr__L	L-threonine	C4H9NO3	CHEBI:16857	119.058243148
M_thym	thymine	C5H6N2O2	CHEBI:17821	126.042927432
M_thymd	thymidine	C10H14N2O5	CHEBI:17748	242.090271548
M_tma	trimethylamine	C3H9N	CHEBI:18139	59.073499288
M_tmao	trimethylamine N-oxide	C3H9NO	CHEBI:15724	75.068413908
M_tmlys	N(6),N(6),N(6)-trimethyl-L-lysine	C9H21N2O2	CHEBI:17311	189.160302912
M_tmndnc	Timnodonic acid	C20H30O2	CHEBI:28364	302.2245802
M_tre	alpha,alpha-trehalose	C12H22O11	CHEBI:16551	342.116211524
M_tre6p	alpha,alpha-trehalose 6-phosphate	C12H23O14P	CHEBI:18283	422.082542046
M_trp__L	L-tryptophan	C11H12N2O2	CHEBI:16828	204.089877624
M_trypta	tryptamine	C10H12N2	CHEBI:16765	160.100048384
M_tststerone	testosterone	C19H28O2	CHEBI:42534	288.208930136
M_tsul	sulfurothioic S-acid	H2O3S2	CHEBI:29279	113.944535924
M_ttc_ggdp	2-cis,6-trans,10-trans-geranylgeranyl diphosphate	C20H36O7P2	CHEBI:10698	450.193626752
M_tym	tyramine	C8H11NO	CHEBI:15760	137.084063972
M_tyr__L	L-tyrosine	C9H11NO3	CHEBI:17895	181.073893212
M_uacgam	UDP-N-acetyl-alpha-D-glucosamine	C17H27N3O17P2	CHEBI:16264	607.081569664
M_udp	UDP	C9H14N2O12P2	CHEBI:17659	404.002197148
M_udp4k6dg	UDP-4-dehydro-6-deoxy-alpha-D-glucose	C15H22N2O16P2	CHEBI:85804	548.044455884
M_udpacgal	UDP-N-acetyl-D-galactosamine	C17H27N3O17P2	CHEBI:16650	607.081569664
M_udpg	UDP-D-glucose	C15H24N2O17P2	CHEBI:18066	566.055020568
M_udpgal	UDP-D-galactose	C15H24N2O17P2	CHEBI:18307	566.055020568
M_udpglcur	UDP-alpha-D-glucuronic acid	C15H22N2O18P2	CHEBI:17200	580.034285124
M_udpxyl	UDP-alpha-D-xylose	C14H22N2O16P2	CHEBI:16082	536.044455884
M_ump	uridine 5'-monophosphate	C9H13N2O9P	CHEBI:16695	324.035866626
M_ura	uracil	C4H4N2O2	CHEBI:17568	112.027277368
M_urcan	trans-urocanic acid	C6H6N2O2	CHEBI:30817	138.042927432
M_urea	urea	CH4N2O	CHEBI:16199	60.032362748
M_uri	uridine	C9H12N2O6	CHEBI:16704	244.069536104
M_utp	UTP	C9H15N2O15P3	CHEBI:15713	483.96852767
M_vacc	vaccenic acid	C18H34O2	CHEBI:36023	282.255880328
M_val__L	L-valine	C5H11NO2	CHEBI:57762	117.078978592
M_xan	9H-xanthine	C5H4N4O2	CHEBI:17712	152.033425368
M_xanate	xanthurenic acid	C10H7NO4	CHEBI:10072	205.037507704
M_xmp	5'-xanthylic acid	C10H13N4O9P	CHEBI:15652	364.042014626
M_xol25oh	25-hydroxycholesterol	C27H46O2	CHEBI:42977	402.349780712
M_xol25one	7alpha,25-dihydroxy-4-cholesten-3-one	C27H44O3	CHEBI:81013	416.329045268
M_xol27oh	26-hydroxycholesterol	C27H46O2	CHEBI:17703	402.349780712
M_xol27one	7alpha,26-dihydroxycholest-4-en-3-one	C27H44O3	CHEBI:48825	416.329045268
M_xol7a	7alpha-hydroxycholesterol	C27H46O2	CHEBI:17500	402.349780712
M_xol7aone	7alpha-hydroxycholest-4-en-3-one	C27H44O2	CHEBI:17899	400.334130648
M_xoldiolone	7alpha,12alpha-dihydroxycholest-4-en-3-one	C27H44O3	CHEBI:28477	416.329045268
M_xoldioloneh	7alpha,12alpha-dihydroxy-5beta-cholestan-3-one	C27H46O3	CHEBI:2288	418.344695332
M_xoltetrol	5beta-cholestane-3alpha,7alpha,12alpha,26-tetrol	C27H48O4	CHEBI:17278	436.355260016
M_xoltri25	7alpha,25-dihydroxycholesterol	C27H46O3	CHEBI:37623	418.344695332
M_xoltri27	7alpha,26-dihydroxycholesterol	C27H46O3	CHEBI:18431	418.344695332
M_xoltriol	5beta-cholestane-3alpha,7alpha,12alpha-triol	C27H48O3	CHEBI:16496	420.360345396
M_xtsn	xanthosine	C10H12N4O6	CHEBI:18107	284.075684104
M_xu5p_D	D-xylulose 5-phosphate	C5H11O8P	CHEBI:16332	230.019153942
M_xyl_D	aldehydo-D-xylose	C5H10O5	CHEBI:15936	150.05282342
M_xylt	xylitol	C5H12O5	CHEBI:17151	152.068473484
M_xylu_D	D-xylulose	C5H10O5	CHEBI:17140	150.05282342
M_xylu_L	L-xylulose	C5H10O5	CHEBI:17399	150.05282342
M_1ac2ac3acglyc	triacylglycerol	C6H5O6R3	CHEBI:17855	
M_1ac2acg3pc	Phosphatidylcholine	C10H18NO8PR2	CHEBI:64482	
M_1ac2acg3pe_BAC	Phosphatidylethanolamine (bacteria)	C7H12NO8PR2	CHEBI:16038	
M_1ac2acg3pe	Phosphatidylethanolamine	C7H12NO8PR2	CHEBI:16038	
M_1ac2acg3pg_BAC	1,2-diacyl-sn-glycero-3-phospho-(1'-sn-glycerol)(1-)	C10H19O10P	CHEBI:64961	
M_1ac2acg3pg	1,2-diacyl-sn-glycero-3-phospho-(1'-sn-glycerol)(1-)	C10H19O10P	CHEBI:64961	
M_1ac2acg3pg3p	1,2-diacyl-sn-glycero-3-phospho-(1'-sn-glycero-3'-phosphate)	C8H14O13P2R2	CHEBI:37393	
M_1ac2acg3pi	1,2-diacyl-sn-glycero-3-phospho(1)-D-myo-inositol	C11H17O13PR2	CHEBI:16749	
M_1ac2acg3pi3p	1-phosphatidyl-1D-myo-inositol 3-phosphate	C11H18O16P2R2	CHEBI:17283	
M_1ac2acg3pi3p4p	1-phosphatidyl-1D-myo-inositol 3,4-bisphosphate	C11H19O19P3R2	CHEBI:16152	
M_1ac2acg3pi3p4p5p	1-phosphatidyl-1D-myo-inositol 3,4,5-trisphosphate	C11H20O22P4R2	CHEBI:16618	
M_1ac2acg3pi3p5p	1-phosphatidyl-1D-myo-inositol 3,5-bisphosphate	C11H19O19P3R2	CHEBI:16851	
M_1ac2acg3pi4p	1-phosphatidyl-1D-myo-inositol 4-phosphate	C11H18O16P2R2	CHEBI:17526	
M_1ac2acg3pi4p5p	1-phosphatidyl-1D-myo-inositol 4,5-bisphosphate	C11H19O19P3R2	CHEBI:18348	
M_1ac2acg3pi5p	1-phosphatidyl-1D-myo-inositol 5-phosphate	C11H18O16P2R2	CHEBI:16500	
M_1ac2acg3ps_BAC	Phosphatidylserine	C8H12NO10PR2	CHEBI:18303	
M_1ac2acg3ps	Phosphatidylserine	C8H12NO10PR2	CHEBI:18303	
M_1ac2acglyc	1,2-diacyl-sn-glycerol	C5H6O5R2	CHEBI:17815	
M_1ac2acglyc3p_BAC	1,2-diacyl-sn-glycerol-3-phosphate	C5H7O8PR2	CHEBI:29089	
M_1ac2acglyc3p	1,2-diacyl-sn-glycerol-3-phosphate	C5H7O8PR2	CHEBI:29089	
M_1acg3pc	1-O-acyl-sn-glycero-3-phosphocholine	C9H19NO7PR	CHEBI:58168	
M_1acg3pe	1-acyl-sn-glycero-3-phosphoethanolamine zwitterion	C6H13NO7PR	CHEBI:64381	
M_1acg3ps	1-acyl-sn-glycero-3-phosphoserine	C7H13NO9PR	CHEBI:52603	
M_1acglyc	1-Acyl-glycerol	C4H7O4R	CHEBI:35759	
M_1acglyc3p	1-Acyl-sn-glycerol 3-phosphate	C4H8O7PR	CHEBI:16975	
M_1alk2acg3pc	1-alkyl-2-acyl-sn-glycero-3-phosphocholine	C9H19NO7PR2	CHEBI:78193	
M_1alk2acg3pe	1-alkyl-2-acyl-sn-glycero-3-phosphoethanolamine	C6H12NO7PR2	CHEBI:36712	
M_1alk2acglyc	1-alkyl 2-acylglycerol	C4H6O4R2	CHEBI:598	
M_1alken2acg3pe	1-(Z)-alk-1-enyl-2-acyl-sn-glycero-3-phosphoethanolamine zwitterion	C8H14NO7PR2	CHEBI:77290	
M_1alkenglyc	1-(1-Alkenyl)-sn-glycerol	C5H9O3R	CHEBI:73322	
M_1alkg3pc	1-alkyl-sn-glycero-3-phosphocholine	C8H19NO6PR	CHEBI:30909	
M_2acg3pc	2-acyl-sn-glycero-3-phosphocholine	C9H19NO7PR	CHEBI:78192	
M_2acg3pe	2-acyl-sn-glycero-3-phosphoethanolamine	C6H13NO7PR	CHEBI:65213	
M_2acglyc	2-Acylglycerol	C4H7O4R	CHEBI:17389	
M_6nadgpi	6-(N-acetyl-alpha-D-glucosaminyl)-1-phosphatidyl-1D-myo-inositol	C19H30NO18PR2	CHEBI:12194	
M_actACP	Acetoacetyl-[acp]	C4H5O2SR	CHEBI:2393	
M_ak2gchol	2-acetyl-1-alkyl-sn-glycero-3-phosphocholine	C10H22NO7PR	CHEBI:36707	
M_alkenac2g	1-(Z)-alk-1-enyl-2-acyl-sn-glycerol	C6H8O4R2	CHEBI:16903	
M_alkenac2gp	1-(Z)-alk-1-enyl-sn-glycero-3-phosphate	C5H10O6PR	CHEBI:73423	
M_alkgp		C3H8O6PR	CHEBI:17106	
M_c17isocrm	N-acyl-15-methylhexadecasphing-4-enine	C18H34NO3R	CHEBI:70846	
M_c17isocrmp	N-acyl-15-methylhexadecasphing-4-enine-1-phosphate	C18H35NO6PR	CHEBI:71165	
M_c17isodhcrm	N-acyl-15-methylhexadecasphinganine	C18H36NO3R	CHEBI:70845	
M_c17isodhsphmyln	N-acyl-15-methylhexadecasphinganine-1-phosphocholine	C23H48N2O6PR	CHEBI:82899	
M_c17isogalside	N-acyl-1-O-galactosyl-15-methylhexadecasphing-4-enine	C24H44NO8R	CHEBI:140530	
M_c17isogluside	N-acyl-1-O-beta-D-glucosyl-15-methylhexadecasphing-4-enine	C24H44NO8R	CHEBI:70815	
M_c17isosphmyln	N-acyl-15-methylhexadecasphing-4-enine-1-phosphocholine	C23H46N2O6PR	CHEBI:70775	
M_c35rnmp	nucleoside 3,5-cyclic phosphate	C5H7O5PR2	CHEBI:18375	
M_cdpdag	CDP-diacylglycerol	C14H19N3O15P2R2	CHEBI:17962	
M_clpn_BAC	Cardiolipin	C13H18O17P2R4	CHEBI:28494	
M_clpn	Cardiolipin	C13H18O17P2R4	CHEBI:28494	
M_crm	ceramide	C19H36NO3R	CHEBI:17761	
M_crmp	ceramide 1-phosphate	C19H39NO6PR	CHEBI:13956	
M_doldp	dolichyl diphosphate	C20H38O7P2(C5H8)n	CHEBI:15750	
M_dolmanp	Dolichyl phosphate D-mannose		CHEBI:15809	
M_dolp		C20H37O4P(C5H8)n	CHEBI:16214	
M_fataccoa	fatty acyl-CoA	C22H35N7O17P3SR	CHEBI:37554	
M_fatacid	fatty acid	CHO2R	CHEBI:35366	
M_galside_cho	cerebroside	C25H46NO8R	CHEBI:23079	
M_long_fatacid	long-chain fatty acid	CHO2R	CHEBI:15904	
M_lpglyc	1-acyl-sn-glycero-3-phosphoglycerol	C7H14O9PR	CHEBI:62747	
M_mar	Maradolipid	C14H20O13R2	CHEBI:139545	
M_mlclpn	1-monolysocardiolipin	C12H19O16P2R3	CHEBI:65106	
M_naglc2p	N-acetyl-D-glucosaminyldiphosphodolichol	C28H51NO12P2(C5H8)n	CHEBI:18278	
M_nmp	nucleoside monophosphate	CHEBI:17188	CHEBI:17188	
M_retest	all-trans-retinyl ester	C21H29O2R	CHEBI:63410	
M_sphmyln	Sphingomyelin	C24H49N2O6PR	CHEBI:64583	
M_urate	uric acid	C5H4N4O3	CHEBI:27226	
M_1alkglycerone3p	1-alkylglycerone 3-phosphate	C3H6O6PR	CHEBI:17197	
M_1alk2acg3p	1-alkyl-2-acyl-sn-glycerol 3-phosphate	C4H7O7PR2	CHEBI:37296	
